,train_missing,test_missing,train_%,test_%
age_approx,20,0,0.38,0.0
sex,0,0,0.0,0.0
skin_tone_class,0,0,0.0,0.0
site,31,6,0.59,1.25
clin_MONET_ulceration_crust,0,0,0.0,0.0
clin_MONET_hair,0,0,0.0,0.0
clin_MONET_vasculature_vessels,0,0,0.0,0.0
clin_MONET_erythema,0,0,0.0,0.0
clin_MONET_pigmented,0,0,0.0,0.0
clin_MONET_gel_water_drop_fluid_dermoscopy_liquid,0,0,0.0,0.0
clin_MONET_skin_markings_pen_ink_purple_pen,0,0,0.0,0.0
derm_MONET_ulceration_crust,0,0,0.0,0.0
derm_MONET_hair,0,0,0.0,0.0
derm_MONET_vasculature_vessels,0,0,0.0,0.0
derm_MONET_erythema,0,0,0.0,0.0
derm_MONET_pigmented,0,0,0.0,0.0
derm_MONET_gel_water_drop_fluid_dermoscopy_liquid,0,0,0.0,0.0
derm_MONET_skin_markings_pen_ink_purple_pen,0,0,0.0,0.0
