label,full_%,train_fold0_%,val_fold0_%,val_fold0_n
AKIEC,5.782442748091603,5.788804071246819,5.7251908396946565,30
BCC,48.12977099236641,48.1128074639525,48.282442748091604,253
BEN_OTH,0.8396946564885497,0.826972010178117,0.9541984732824428,5
BKL,10.381679389312977,10.390161153519932,10.305343511450381,54
DF,0.9923664122137404,0.9966072943172181,0.9541984732824428,5
INF,0.9541984732824428,0.9541984732824428,0.9541984732824428,5
MAL_OTH,0.1717557251908397,0.16963528413910092,0.19083969465648853,1
MEL,8.587786259541986,8.587786259541986,8.587786259541986,45
NV,14.236641221374047,14.228159457167092,14.31297709923664,75
SCCKA,9.026717557251908,9.033078880407125,8.969465648854962,47
VASC,0.8969465648854962,0.9117896522476675,0.7633587786259541,4
