label,count,mean,50%,std,min,max
BCC,2522.0,64.86518636003171,65.0,11.827367321420862,25.0,85.0
NV,729.0,42.03703703703704,40.0,17.681554304906633,5.0,85.0
BKL,544.0,63.6672794117647,65.0,12.4012695819448,10.0,85.0
SCCKA,473.0,69.47145877378435,70.0,11.153575915662802,40.0,85.0
MEL,450.0,61.75555555555555,65.0,14.838635472891424,20.0,85.0
AKIEC,303.0,65.94059405940594,65.0,12.335933981486503,35.0,85.0
DF,52.0,50.38461538461539,50.0,14.411533842457844,15.0,85.0
INF,50.0,55.6,60.0,17.339350080798585,10.0,80.0
VASC,45.0,52.0,55.0,20.46060516300443,10.0,85.0
BEN_OTH,43.0,56.627906976744185,60.0,19.44837275089634,10.0,85.0
MAL_OTH,9.0,66.66666666666667,75.0,13.919410907075054,35.0,80.0
