label,0,1,2,3,4,5
BCC,0.03965107057890563,0.753370340999207,3.0531324345757334,68.04123711340206,19.666931007137194,8.4456780333069
NV,0.2680965147453083,2.1447721179624666,24.798927613941018,42.761394101876675,23.056300268096514,6.970509383378016
BKL,0.0,4.411764705882353,10.845588235294118,63.05147058823529,17.27941176470588,4.411764705882353
SCCKA,0.0,0.21141649048625794,1.0570824524312896,64.2706131078224,28.541226215644823,5.9196617336152215
MEL,0.0,3.5555555555555554,26.88888888888889,44.44444444444444,20.0,5.111111111111112
AKIEC,0.0,6.270627062706271,6.9306930693069315,66.66666666666666,15.181518151815181,4.9504950495049505
DF,0.0,7.6923076923076925,17.307692307692307,48.07692307692308,17.307692307692307,9.615384615384617
INF,6.0,4.0,10.0,32.0,20.0,28.000000000000004
VASC,0.0,2.127659574468085,21.27659574468085,46.808510638297875,17.02127659574468,12.76595744680851
BEN_OTH,0.0,4.545454545454546,25.0,50.0,13.636363636363635,6.8181818181818175
MAL_OTH,0.0,11.11111111111111,33.33333333333333,55.55555555555556,0.0,0.0
