,count,mean,std,min,25%,50%,75%,max
clin_MONET_ulceration_crust,5240.0,0.3564109046310626,0.22456994713304754,0.0045189480567292,0.17096204971465326,0.316035749600395,0.5183480189068798,0.974614242750571
clin_MONET_hair,5240.0,0.1813754468432799,0.11939667034440811,0.0128604721215416,0.09838132811135693,0.14928230656973102,0.23156586183319874,0.877227951179184
clin_MONET_vasculature_vessels,5240.0,0.01808352053107491,0.038440715943223944,3.89433313223264e-05,0.002062455145415575,0.0069869598893063,0.018418826101577225,0.757917188601113
clin_MONET_erythema,5240.0,0.3595993370019922,0.21378513881245134,0.0068115717107399,0.1723270975273275,0.348667343535031,0.5271044063147265,0.901846792250988
clin_MONET_pigmented,5240.0,0.26841285370751045,0.26664352508195227,0.0041105165627812,0.07546929492486315,0.146660308013276,0.39172400938692775,0.97204730927872
clin_MONET_gel_water_drop_fluid_dermoscopy_liquid,5240.0,0.1620340525647701,0.10525226225238075,0.0051516038724096,0.0868932805684725,0.1420827068593295,0.2119239063425865,0.831016437152892
clin_MONET_skin_markings_pen_ink_purple_pen,5240.0,0.18411129366804227,0.21505918009001995,0.0003450313651517,0.03948558577895463,0.09692018450537701,0.24509500389200975,0.989992438135483
derm_MONET_ulceration_crust,5240.0,0.363929072788,0.2382720831753261,0.0087218764987495,0.162101685975659,0.3128538284244285,0.5439106017487423,0.98783711130172
derm_MONET_hair,5240.0,0.38201938330499613,0.15241746052943328,0.0512495229788844,0.2665057117967215,0.36629162975747254,0.4800481814732105,0.948830080536574
derm_MONET_vasculature_vessels,5240.0,0.22346231910611697,0.21171801896345893,0.0005894963390408,0.05366335194386812,0.15514933238687,0.33408483487037577,0.959441664591062
derm_MONET_erythema,5240.0,0.35170675276485996,0.23763274984171345,0.0111722991210376,0.1457010622097155,0.302512458316817,0.535579837970799,0.970063728693956
derm_MONET_pigmented,5240.0,0.3568616807188248,0.2538738402254826,0.0154154652125833,0.1568653507488375,0.26417725145098303,0.5401718640415575,0.974791816647751
derm_MONET_gel_water_drop_fluid_dermoscopy_liquid,5240.0,0.3260017267625608,0.15962147162377258,0.0285996863253482,0.20381975767851027,0.29703137190548046,0.42807043422393376,0.973334188926878
derm_MONET_skin_markings_pen_ink_purple_pen,5240.0,0.2947712599640843,0.2123056640819138,0.0040490855349814,0.12039045346267775,0.2486710156309595,0.4235246298118028,0.967081400623133
