label,ulceration,hair,vessels,erythema,pigmented,gel/fluid,pen marks
BCC,0.3668958234186156,0.39028649304841734,0.30040932991315084,0.4350721665897065,0.25213038066375604,0.34290807531661655,0.2618520730557218
NV,0.2180898855014699,0.40507302307972365,0.07760895439550254,0.17379665994737734,0.6598593631551264,0.2559967347419135,0.45698519999244375
BKL,0.35821223938721086,0.36959350045928063,0.17783215926239437,0.30752537225063614,0.360768182405788,0.3083248470984594,0.2308040742481634
SCCKA,0.571785244101414,0.33372460926186936,0.21827659709256436,0.30352269240431534,0.1752303597498451,0.38678802622726244,0.16056897540430365
MEL,0.31743725534360634,0.356224215751739,0.07296722527364057,0.19490580508903552,0.6901206025448055,0.21578975397673114,0.41515231097875505
AKIEC,0.40639012373979416,0.3939299345087403,0.21953781023779678,0.4038652395462819,0.27311350756992825,0.3663775495016246,0.20580864683304723
DF,0.3567280435287652,0.4319055523212417,0.2069774507344504,0.4276696300920193,0.37111643009285955,0.41354272480635285,0.44409870534997287
INF,0.47660069491757295,0.37883941114010256,0.27582062756825254,0.6106697605938205,0.24641573320767152,0.506006871395943,0.4433896389486931
VASC,0.4648848434127884,0.3392110072059047,0.42529175104975664,0.4277057353074736,0.32001561953943025,0.48085725732794005,0.5236946501588947
BEN_OTH,0.42740380178205045,0.35723603978849616,0.2181460656418048,0.4472725907944233,0.42268337048524834,0.471506699569821,0.4401085699987599
MAL_OTH,0.5157690167441455,0.4066581989302708,0.2146901281270573,0.2828648660916494,0.457793693859169,0.39032522433921524,0.37481920219690223
