,clin:ulcer,clin:hair,clin:vessels,clin:erythema,clin:pigmented,clin:gel,clin:pen,derm:ulcer,derm:hair,derm:vessels,derm:erythema,derm:pigmented,derm:gel,derm:pen
clin:ulcer,1.0,-0.29928291202783575,-0.1321868729594801,0.10864867169939742,-0.214189957925237,0.04877440523647395,-0.26264184403005564,0.5249253464837593,-0.19009553708288318,-0.12010648368651641,0.008567967549248524,-0.21922839014188605,0.04089875290238446,-0.194845700537644
clin:hair,-0.29928291202783575,1.0,0.16709034917471535,0.014144635316194601,0.14659893574981495,0.09878750540449444,0.275248385159383,-0.2492689747485807,0.3828383332554881,-0.0028054549327117986,-0.014115347765262833,0.15361955024152593,0.06689948825123876,0.21264911058778097
clin:vessels,-0.1321868729594801,0.16709034917471535,1.0,0.17861455117567748,-0.2094718783159986,0.2240580352308584,0.03495981633482441,-0.06851618825247655,0.06574063193568831,0.35371078539794,0.12202283560575106,-0.20649628301591155,0.13397945305622733,-0.10664374378084121
clin:erythema,0.10864867169939742,0.014144635316194601,0.17861455117567748,1.0,-0.5627131613553461,0.4659710621837765,-0.17264210913947295,0.05380575110941099,0.05143133312269767,0.41909489990354554,0.5963407586920462,-0.5574941041847657,0.3386757513712597,-0.2240375813022208
clin:pigmented,-0.214189957925237,0.14659893574981495,-0.2094718783159986,-0.5627131613553461,1.0,-0.32740921764014647,0.356475856460562,-0.25234069243456303,-0.012807223267562826,-0.4363467194398251,-0.4699665184848988,0.8072552379324999,-0.39130927701743357,0.40117127930009333
clin:gel,0.04877440523647395,0.09878750540449444,0.2240580352308584,0.4659710621837765,-0.32740921764014647,1.0,-0.022577954657862744,0.07742525216653327,-0.009433660580416186,0.2860283226565822,0.22793714932927486,-0.316859465742018,0.37238664495415685,-0.0765798053636413
clin:pen,-0.26264184403005564,0.275248385159383,0.03495981633482441,-0.17264210913947295,0.356475856460562,-0.022577954657862744,1.0,-0.18942606005525015,0.10703298685362944,-0.06320078384564921,-0.19398730191035063,0.3008166442994341,-0.07160058418667509,0.46541797763257237
derm:ulcer,0.5249253464837593,-0.2492689747485807,-0.06851618825247655,0.05380575110941099,-0.25234069243456303,0.07742525216653327,-0.18942606005525015,1.0,-0.2213236113314666,-0.1282757980730862,0.11732897414024111,-0.27270617242872774,0.18400629014351302,-0.236704861372785
derm:hair,-0.19009553708288318,0.3828383332554881,0.06574063193568831,0.05143133312269767,-0.012807223267562826,-0.009433660580416186,0.10703298685362944,-0.2213236113314666,1.0,0.29021364358162044,0.09843486426713356,0.13604770647697487,0.3274653876223191,0.3299998456057727
derm:vessels,-0.12010648368651641,-0.0028054549327117986,0.35371078539794,0.41909489990354554,-0.4363467194398251,0.2860283226565822,-0.06320078384564921,-0.1282757980730862,0.29021364358162044,1.0,0.40033703597027814,-0.427317270601362,0.4555450379590318,-0.027637007550508425
derm:erythema,0.008567967549248524,-0.014115347765262833,0.12202283560575106,0.5963407586920462,-0.4699665184848988,0.22793714932927486,-0.19398730191035063,0.11732897414024111,0.09843486426713356,0.40033703597027814,1.0,-0.49560975563874304,0.5009716929932561,-0.0961009990641256
derm:pigmented,-0.21922839014188605,0.15361955024152593,-0.20649628301591155,-0.5574941041847657,0.8072552379324999,-0.316859465742018,0.3008166442994341,-0.27270617242872774,0.13604770647697487,-0.427317270601362,-0.49560975563874304,1.0,-0.3881981977365372,0.47525557201151436
derm:gel,0.04089875290238446,0.06689948825123876,0.13397945305622733,0.3386757513712597,-0.39130927701743357,0.37238664495415685,-0.07160058418667509,0.18400629014351302,0.3274653876223191,0.4555450379590318,0.5009716929932561,-0.3881981977365372,1.0,0.08950368641357151
derm:pen,-0.194845700537644,0.21264911058778097,-0.10664374378084121,-0.2240375813022208,0.40117127930009333,-0.0765798053636413,0.46541797763257237,-0.236704861372785,0.3299998456057727,-0.027637007550508425,-0.0961009990641256,0.47525557201151436,0.08950368641357151,1.0
