lesion_id,label_name,fold
IL_0000652,BCC,0
IL_0003176,BCC,1
IL_0004688,BCC,2
IL_0005081,SCCKA,0
IL_0006177,BCC,0
IL_0006407,AKIEC,3
IL_0008891,NV,3
IL_0008969,BCC,4
IL_0009339,BCC,0
IL_0011263,BCC,2
IL_0012199,SCCKA,3
IL_0014412,BCC,4
IL_0017483,BKL,4
IL_0019048,BCC,1
IL_0019655,MEL,4
IL_0020208,BKL,4
IL_0024228,NV,2
IL_0026510,SCCKA,1
IL_0029019,MEL,2
IL_0030541,BCC,4
IL_0032270,BCC,3
IL_0033882,BCC,2
IL_0039324,BCC,0
IL_0041758,MEL,3
IL_0044468,MEL,4
IL_0047878,NV,3
IL_0053198,BCC,4
IL_0061620,BCC,4
IL_0063537,BCC,3
IL_0064763,SCCKA,0
IL_0069690,BCC,1
IL_0074413,NV,0
IL_0075646,BCC,0
IL_0076321,NV,2
IL_0076383,BKL,0
IL_0076523,BKL,1
IL_0079116,BCC,2
IL_0080050,BCC,1
IL_0080398,MEL,0
IL_0081442,SCCKA,1
IL_0082869,NV,4
IL_0083505,NV,0
IL_0083796,BCC,2
IL_0085362,AKIEC,3
IL_0087252,BKL,2
IL_0087637,BKL,1
IL_0091633,BCC,2
IL_0092031,BCC,2
IL_0092622,MEL,0
IL_0097046,BCC,2
IL_0097757,BKL,1
IL_0097908,BKL,0
IL_0098895,NV,3
IL_0100733,BEN_OTH,1
IL_0101784,BCC,4
IL_0102463,SCCKA,2
IL_0105755,BCC,2
IL_0106085,BCC,1
IL_0106759,DF,4
IL_0107208,BCC,0
IL_0108201,NV,2
IL_0108315,BCC,1
IL_0110620,AKIEC,1
IL_0111269,SCCKA,2
IL_0113118,BCC,1
IL_0115590,BCC,1
IL_0121394,BCC,4
IL_0121735,BKL,0
IL_0123995,SCCKA,1
IL_0125182,BCC,0
IL_0125566,BCC,2
IL_0126015,BKL,0
IL_0127859,NV,2
IL_0134295,BCC,2
IL_0134998,MEL,1
IL_0136746,BCC,3
IL_0137229,SCCKA,3
IL_0137493,BCC,0
IL_0138483,BCC,3
IL_0142779,SCCKA,4
IL_0143212,AKIEC,1
IL_0143868,SCCKA,0
IL_0145900,BCC,0
IL_0147242,BCC,0
IL_0149726,MEL,3
IL_0152415,BCC,1
IL_0155141,BCC,4
IL_0158496,MEL,0
IL_0159004,SCCKA,4
IL_0159486,MEL,3
IL_0168605,SCCKA,3
IL_0169358,BKL,3
IL_0172774,BKL,2
IL_0177781,BCC,0
IL_0179071,BCC,3
IL_0180498,BCC,2
IL_0181682,MEL,1
IL_0183140,BCC,3
IL_0183428,BCC,4
IL_0184125,DF,0
IL_0185151,BCC,1
IL_0185291,BKL,4
IL_0185297,BCC,3
IL_0192026,MEL,3
IL_0199161,BCC,0
IL_0199225,BCC,0
IL_0199785,SCCKA,2
IL_0200790,BCC,1
IL_0201884,BKL,4
IL_0203121,BCC,0
IL_0203872,MEL,0
IL_0205551,BCC,1
IL_0208925,SCCKA,2
IL_0210304,BCC,1
IL_0210528,NV,3
IL_0210628,BKL,4
IL_0211480,BCC,1
IL_0215570,BCC,4
IL_0216946,BCC,1
IL_0217482,NV,3
IL_0218048,MEL,3
IL_0218965,NV,4
IL_0225053,BCC,1
IL_0225213,BCC,1
IL_0226639,BCC,4
IL_0228777,BCC,4
IL_0233778,BCC,2
IL_0240650,SCCKA,0
IL_0241510,BCC,1
IL_0244045,BKL,2
IL_0245024,NV,0
IL_0246803,BCC,2
IL_0246907,SCCKA,1
IL_0247404,BKL,0
IL_0249447,BCC,2
IL_0252336,MAL_OTH,0
IL_0256138,NV,3
IL_0256992,BCC,4
IL_0257486,NV,0
IL_0261809,BCC,4
IL_0262433,AKIEC,3
IL_0262742,AKIEC,2
IL_0264320,BKL,2
IL_0266076,BCC,1
IL_0266844,BCC,1
IL_0267094,BCC,4
IL_0269822,SCCKA,1
IL_0271647,BCC,0
IL_0273938,BCC,2
IL_0275953,BKL,3
IL_0281880,BCC,4
IL_0285359,SCCKA,2
IL_0286652,BCC,1
IL_0286681,DF,4
IL_0291723,BCC,4
IL_0295689,BKL,1
IL_0298578,SCCKA,0
IL_0298761,AKIEC,3
IL_0303192,SCCKA,1
IL_0303279,BCC,2
IL_0303759,BCC,1
IL_0304897,BCC,0
IL_0306057,NV,4
IL_0306410,BKL,1
IL_0306770,BCC,3
IL_0307289,BCC,4
IL_0308354,BCC,4
IL_0310988,AKIEC,4
IL_0311447,BCC,3
IL_0313389,BCC,0
IL_0313731,BCC,0
IL_0314873,BCC,2
IL_0317976,BCC,3
IL_0317980,BCC,3
IL_0318296,SCCKA,0
IL_0320467,BCC,4
IL_0321321,BCC,0
IL_0321969,NV,1
IL_0322820,BCC,3
IL_0322831,BCC,0
IL_0327292,BCC,2
IL_0328020,MEL,2
IL_0328112,BCC,2
IL_0330449,NV,1
IL_0330771,BCC,3
IL_0331680,MEL,4
IL_0332363,BCC,0
IL_0333209,BKL,4
IL_0335647,MEL,3
IL_0335720,DF,4
IL_0336381,NV,4
IL_0340330,VASC,0
IL_0343240,NV,2
IL_0345043,BCC,4
IL_0345607,BCC,2
IL_0347019,BCC,2
IL_0347219,SCCKA,0
IL_0349058,NV,2
IL_0350485,NV,1
IL_0353074,BCC,3
IL_0355319,BCC,4
IL_0363698,BCC,1
IL_0364539,BCC,0
IL_0367894,BKL,3
IL_0368835,BKL,0
IL_0371298,BCC,4
IL_0375356,MEL,4
IL_0382638,MEL,4
IL_0386446,BCC,3
IL_0387029,MEL,1
IL_0387507,SCCKA,4
IL_0387576,BCC,3
IL_0391966,NV,0
IL_0393808,BCC,4
IL_0395409,BKL,0
IL_0395791,SCCKA,1
IL_0399009,BCC,3
IL_0401155,NV,3
IL_0402026,SCCKA,4
IL_0402480,INF,3
IL_0404248,BKL,1
IL_0404523,MEL,3
IL_0405680,MEL,2
IL_0406808,MEL,3
IL_0409175,NV,2
IL_0410887,BCC,2
IL_0416544,NV,0
IL_0419273,BCC,3
IL_0419410,BKL,0
IL_0419934,BCC,3
IL_0424747,NV,1
IL_0427467,BCC,4
IL_0428010,BKL,4
IL_0428893,BCC,0
IL_0432288,BCC,1
IL_0432586,NV,3
IL_0432633,BCC,2
IL_0433737,BCC,4
IL_0433789,MEL,4
IL_0434993,BKL,3
IL_0436411,MEL,3
IL_0436732,MEL,3
IL_0441589,AKIEC,1
IL_0443396,BKL,2
IL_0443862,BKL,0
IL_0444889,NV,4
IL_0446787,MEL,2
IL_0449677,NV,3
IL_0451875,BCC,0
IL_0455273,NV,4
IL_0461573,BCC,0
IL_0462841,BCC,3
IL_0465605,MEL,1
IL_0466383,BCC,3
IL_0466626,NV,4
IL_0468810,BCC,3
IL_0469044,BCC,3
IL_0469511,NV,2
IL_0469581,BCC,0
IL_0469589,SCCKA,2
IL_0474347,SCCKA,1
IL_0477847,MEL,4
IL_0478120,SCCKA,3
IL_0478451,BCC,1
IL_0479430,BCC,4
IL_0480697,BCC,1
IL_0482521,BCC,2
IL_0484240,BCC,1
IL_0485034,INF,0
IL_0486701,NV,4
IL_0486973,BCC,0
IL_0487689,NV,2
IL_0489772,BCC,4
IL_0490724,BCC,0
IL_0491604,SCCKA,3
IL_0496664,BKL,2
IL_0499462,MEL,4
IL_0500533,BCC,3
IL_0503827,AKIEC,1
IL_0507774,BCC,3
IL_0508901,BKL,3
IL_0513622,BCC,4
IL_0514561,BCC,4
IL_0515398,NV,1
IL_0515477,BCC,3
IL_0519349,BCC,1
IL_0519375,NV,4
IL_0520171,BKL,1
IL_0521402,BCC,3
IL_0521541,BCC,4
IL_0521926,BCC,3
IL_0525024,NV,1
IL_0528768,BCC,3
IL_0532409,BCC,3
IL_0533923,BCC,2
IL_0534902,BCC,0
IL_0538845,BCC,0
IL_0540027,NV,4
IL_0541036,AKIEC,1
IL_0541600,AKIEC,4
IL_0541987,BCC,0
IL_0542551,BKL,3
IL_0548137,AKIEC,4
IL_0549669,BCC,2
IL_0549977,BCC,3
IL_0550268,NV,1
IL_0550618,BCC,4
IL_0552883,BCC,3
IL_0559300,BKL,0
IL_0564162,BCC,4
IL_0572339,BCC,3
IL_0576358,AKIEC,4
IL_0583192,AKIEC,1
IL_0583979,NV,1
IL_0584464,BKL,4
IL_0586975,AKIEC,2
IL_0588181,MEL,1
IL_0588245,BCC,0
IL_0588456,MEL,4
IL_0588498,BKL,1
IL_0592358,BCC,2
IL_0592984,BCC,3
IL_0596418,BCC,4
IL_0596741,BCC,1
IL_0604713,MEL,2
IL_0605964,NV,3
IL_0607268,BCC,0
IL_0607398,AKIEC,3
IL_0607639,AKIEC,0
IL_0609142,BKL,2
IL_0610224,SCCKA,1
IL_0610322,BCC,1
IL_0610557,NV,1
IL_0614048,NV,0
IL_0617635,BKL,2
IL_0618534,NV,0
IL_0620338,BCC,2
IL_0621333,NV,3
IL_0624945,MEL,1
IL_0625469,MEL,1
IL_0627610,BCC,3
IL_0628495,NV,0
IL_0630515,NV,3
IL_0630567,AKIEC,1
IL_0632998,BCC,0
IL_0633979,BCC,0
IL_0636154,BKL,2
IL_0636666,NV,4
IL_0640013,SCCKA,0
IL_0643729,BCC,3
IL_0651741,BCC,3
IL_0653434,MEL,2
IL_0662515,NV,2
IL_0663202,BCC,2
IL_0664842,BCC,4
IL_0665267,BCC,4
IL_0668310,BKL,2
IL_0679783,BKL,2
IL_0681349,NV,1
IL_0682550,NV,1
IL_0683634,MEL,2
IL_0684409,BKL,3
IL_0685418,AKIEC,4
IL_0686767,AKIEC,3
IL_0688391,BCC,2
IL_0691529,BCC,3
IL_0692999,BCC,1
IL_0693769,BKL,1
IL_0694902,VASC,1
IL_0697059,BCC,2
IL_0697844,BCC,0
IL_0699958,NV,2
IL_0700053,BCC,0
IL_0700399,BKL,2
IL_0701362,MEL,3
IL_0702204,BEN_OTH,1
IL_0702834,BCC,3
IL_0705528,BCC,2
IL_0705529,BCC,2
IL_0705548,BCC,4
IL_0706157,BEN_OTH,2
IL_0710738,BCC,4
IL_0710877,BCC,1
IL_0712386,BCC,1
IL_0713847,NV,3
IL_0717553,NV,1
IL_0718275,MEL,3
IL_0719888,BCC,1
IL_0720160,BCC,2
IL_0720862,INF,3
IL_0721541,BKL,1
IL_0721578,INF,1
IL_0727699,AKIEC,4
IL_0732764,BKL,1
IL_0736879,BCC,3
IL_0739664,DF,3
IL_0739777,NV,3
IL_0740796,BCC,1
IL_0741650,BCC,3
IL_0743381,BCC,4
IL_0744189,NV,3
IL_0751731,BCC,2
IL_0751879,AKIEC,1
IL_0752294,BCC,1
IL_0752303,MEL,1
IL_0753013,BCC,0
IL_0753658,AKIEC,2
IL_0758142,BCC,0
IL_0758206,MEL,0
IL_0758314,NV,4
IL_0758607,BCC,4
IL_0761074,BCC,2
IL_0761140,BCC,2
IL_0762658,BCC,0
IL_0765772,BCC,3
IL_0768157,BCC,4
IL_0768577,BKL,1
IL_0769866,BCC,0
IL_0770460,BCC,3
IL_0770948,SCCKA,4
IL_0772122,BKL,3
IL_0772514,BCC,4
IL_0772858,NV,4
IL_0773095,BCC,1
IL_0773379,BCC,3
IL_0773953,BCC,3
IL_0778720,BCC,3
IL_0780596,BKL,3
IL_0783886,MEL,0
IL_0784156,BCC,2
IL_0784446,BKL,1
IL_0784671,BCC,0
IL_0786469,NV,2
IL_0787420,MEL,3
IL_0788438,NV,1
IL_0788459,BCC,2
IL_0792033,BCC,2
IL_0793440,NV,2
IL_0793725,AKIEC,3
IL_0797165,NV,1
IL_0807184,AKIEC,4
IL_0807223,MEL,2
IL_0807390,MEL,3
IL_0808533,BKL,2
IL_0808722,AKIEC,0
IL_0809191,NV,2
IL_0809761,BCC,1
IL_0810155,MEL,3
IL_0811004,BCC,3
IL_0814216,SCCKA,4
IL_0815342,BCC,4
IL_0816967,BCC,0
IL_0817869,NV,3
IL_0819034,MEL,3
IL_0820798,AKIEC,0
IL_0820879,AKIEC,3
IL_0823685,MEL,3
IL_0825949,BCC,4
IL_0826473,NV,1
IL_0828910,BCC,3
IL_0834716,BCC,4
IL_0835315,SCCKA,3
IL_0835355,BCC,0
IL_0836583,BCC,4
IL_0836761,BCC,4
IL_0837149,BCC,1
IL_0837507,BCC,4
IL_0838598,SCCKA,3
IL_0843327,BCC,4
IL_0844801,NV,2
IL_0848676,MEL,2
IL_0848948,NV,3
IL_0850065,BCC,2
IL_0850769,SCCKA,4
IL_0853673,BCC,3
IL_0855898,MEL,2
IL_0858380,MEL,1
IL_0860042,NV,4
IL_0861940,BCC,0
IL_0864051,BCC,2
IL_0867132,SCCKA,3
IL_0867895,BCC,2
IL_0868364,DF,2
IL_0869160,BCC,3
IL_0872477,NV,1
IL_0872966,NV,1
IL_0873874,BCC,1
IL_0877533,MEL,0
IL_0882013,BCC,1
IL_0882854,AKIEC,1
IL_0883387,NV,2
IL_0883893,AKIEC,1
IL_0887241,NV,0
IL_0890305,NV,3
IL_0891260,BCC,0
IL_0894322,BCC,1
IL_0895262,BKL,2
IL_0898594,BCC,0
IL_0901496,BCC,1
IL_0903975,BCC,0
IL_0909624,SCCKA,2
IL_0909755,NV,1
IL_0911506,MEL,4
IL_0913190,NV,0
IL_0913483,NV,4
IL_0915251,VASC,3
IL_0919212,BCC,2
IL_0921105,BCC,1
IL_0926236,NV,2
IL_0927709,MEL,1
IL_0928846,BKL,4
IL_0930071,NV,4
IL_0931113,SCCKA,3
IL_0932905,BCC,0
IL_0933213,BCC,3
IL_0937448,BCC,0
IL_0941988,BCC,1
IL_0945198,NV,0
IL_0948841,BCC,3
IL_0949755,BCC,2
IL_0952894,NV,3
IL_0956761,BCC,1
IL_0957907,SCCKA,1
IL_0960314,DF,1
IL_0960760,NV,0
IL_0960913,SCCKA,4
IL_0962219,BCC,3
IL_0963446,BCC,1
IL_0963909,AKIEC,4
IL_0965686,NV,0
IL_0965927,NV,3
IL_0966706,BCC,3
IL_0966806,NV,2
IL_0967038,BKL,3
IL_0967073,SCCKA,2
IL_0970556,BCC,2
IL_0971210,BCC,1
IL_0972770,INF,0
IL_0974592,NV,3
IL_0976725,BKL,3
IL_0977537,BKL,1
IL_0978342,NV,4
IL_0980631,BCC,2
IL_0982091,BCC,4
IL_0987624,BCC,4
IL_0993436,BCC,1
IL_0994070,BKL,0
IL_0996879,BEN_OTH,1
IL_1001591,MEL,3
IL_1002499,BKL,0
IL_1003728,MEL,0
IL_1006446,BCC,4
IL_1013534,VASC,1
IL_1016151,MEL,3
IL_1020269,BCC,3
IL_1021886,BKL,2
IL_1022575,BKL,0
IL_1024518,NV,3
IL_1024813,SCCKA,1
IL_1025341,BCC,1
IL_1026804,MEL,0
IL_1027638,MEL,2
IL_1030040,NV,1
IL_1030535,BCC,2
IL_1030671,MEL,1
IL_1032364,VASC,4
IL_1036024,BCC,3
IL_1036573,BCC,3
IL_1037405,INF,4
IL_1037790,NV,0
IL_1038225,NV,2
IL_1039753,MEL,4
IL_1042146,BCC,2
IL_1046735,BCC,4
IL_1049569,BCC,4
IL_1050335,NV,4
IL_1050579,BCC,4
IL_1051456,BCC,1
IL_1057278,BCC,4
IL_1057711,NV,4
IL_1058871,BCC,0
IL_1059300,BKL,4
IL_1060778,BCC,0
IL_1062117,MEL,2
IL_1062224,NV,3
IL_1065158,MEL,4
IL_1065532,BCC,0
IL_1066260,NV,0
IL_1066401,SCCKA,1
IL_1066586,BCC,2
IL_1072966,BKL,1
IL_1075637,BEN_OTH,3
IL_1075649,MEL,2
IL_1075740,MEL,0
IL_1077035,NV,4
IL_1077349,NV,4
IL_1077791,SCCKA,2
IL_1081068,BCC,3
IL_1082732,BKL,3
IL_1085478,AKIEC,2
IL_1087504,NV,4
IL_1088813,BCC,0
IL_1089053,AKIEC,1
IL_1090086,BCC,2
IL_1093822,BCC,3
IL_1094162,BCC,3
IL_1097416,MEL,2
IL_1098569,BCC,1
IL_1099248,BCC,3
IL_1101904,BKL,2
IL_1102266,MEL,2
IL_1104611,SCCKA,2
IL_1104647,BCC,2
IL_1105307,NV,2
IL_1110847,BKL,0
IL_1114001,AKIEC,2
IL_1116868,BKL,0
IL_1118259,BCC,3
IL_1118490,BCC,1
IL_1120917,NV,4
IL_1122341,BCC,3
IL_1122729,AKIEC,0
IL_1127308,SCCKA,1
IL_1128310,BCC,2
IL_1129675,BCC,2
IL_1131415,BCC,3
IL_1131642,BCC,2
IL_1133754,BCC,1
IL_1139231,NV,2
IL_1140654,BCC,2
IL_1141738,BCC,2
IL_1141889,BKL,1
IL_1150013,NV,1
IL_1151731,BCC,1
IL_1152647,BKL,3
IL_1154245,SCCKA,1
IL_1159424,MEL,2
IL_1162183,BCC,1
IL_1166072,BCC,0
IL_1167409,BCC,1
IL_1169182,BCC,3
IL_1170242,BKL,3
IL_1173774,BCC,2
IL_1174594,BKL,0
IL_1175004,BCC,0
IL_1175883,AKIEC,4
IL_1176036,SCCKA,2
IL_1178215,NV,2
IL_1178770,SCCKA,1
IL_1181749,SCCKA,4
IL_1184743,BCC,1
IL_1185786,BKL,2
IL_1187197,BKL,3
IL_1188935,BKL,0
IL_1192220,BCC,0
IL_1203056,NV,1
IL_1207845,VASC,0
IL_1209024,BCC,3
IL_1211911,SCCKA,0
IL_1212389,MEL,0
IL_1214545,SCCKA,1
IL_1218660,BCC,0
IL_1222046,BEN_OTH,4
IL_1222860,BCC,3
IL_1223574,BCC,0
IL_1225900,BCC,4
IL_1230964,BCC,1
IL_1238733,SCCKA,2
IL_1239256,SCCKA,0
IL_1240049,NV,2
IL_1242369,MEL,3
IL_1243946,BKL,0
IL_1249286,MEL,0
IL_1251030,BCC,1
IL_1252231,BCC,3
IL_1253074,BCC,4
IL_1254806,BKL,1
IL_1259120,BCC,1
IL_1263439,NV,3
IL_1263840,BCC,0
IL_1264405,NV,3
IL_1267317,AKIEC,4
IL_1272138,BCC,0
IL_1272170,BCC,2
IL_1273535,BKL,3
IL_1274050,BKL,3
IL_1274055,DF,1
IL_1275816,MEL,2
IL_1277363,BCC,2
IL_1280440,BEN_OTH,0
IL_1281940,BCC,2
IL_1283249,BCC,0
IL_1286984,NV,2
IL_1287592,AKIEC,0
IL_1288672,BCC,3
IL_1289201,AKIEC,1
IL_1293344,BCC,1
IL_1293524,BCC,3
IL_1300499,MEL,2
IL_1300657,BCC,2
IL_1303481,SCCKA,1
IL_1303773,BCC,1
IL_1304235,BCC,1
IL_1305031,BCC,0
IL_1311157,BCC,1
IL_1313145,BKL,3
IL_1313650,SCCKA,2
IL_1314107,BCC,1
IL_1314812,BCC,4
IL_1314832,SCCKA,3
IL_1319352,BCC,2
IL_1320390,MEL,0
IL_1320717,SCCKA,0
IL_1322770,SCCKA,2
IL_1326669,SCCKA,1
IL_1327367,BKL,3
IL_1328121,MEL,4
IL_1330840,BCC,1
IL_1332909,AKIEC,2
IL_1334935,NV,2
IL_1337093,BCC,4
IL_1337756,BKL,1
IL_1339596,BKL,2
IL_1345766,BEN_OTH,4
IL_1346442,BCC,0
IL_1348391,BCC,3
IL_1350763,AKIEC,1
IL_1351587,BCC,3
IL_1353481,BCC,1
IL_1353803,BKL,1
IL_1355090,NV,1
IL_1356310,BCC,2
IL_1361358,BCC,1
IL_1364035,BCC,3
IL_1366322,BCC,3
IL_1367516,SCCKA,4
IL_1370183,SCCKA,1
IL_1378003,NV,1
IL_1379461,BCC,1
IL_1381975,BCC,4
IL_1387239,BCC,3
IL_1391368,SCCKA,2
IL_1391471,BCC,2
IL_1392309,BCC,2
IL_1393183,BCC,1
IL_1393586,AKIEC,1
IL_1393794,BCC,0
IL_1394947,BCC,4
IL_1396679,BCC,4
IL_1397250,BCC,3
IL_1397522,BCC,1
IL_1399100,BCC,2
IL_1403088,BCC,2
IL_1404122,NV,0
IL_1404405,BCC,1
IL_1405632,BCC,0
IL_1405890,MEL,3
IL_1406578,BCC,2
IL_1407853,NV,2
IL_1409066,BCC,0
IL_1413445,SCCKA,0
IL_1416084,BCC,0
IL_1418098,BEN_OTH,2
IL_1418511,NV,3
IL_1418667,AKIEC,4
IL_1418796,BKL,4
IL_1422027,BCC,2
IL_1423650,BKL,4
IL_1427039,MEL,4
IL_1427561,NV,3
IL_1434019,NV,3
IL_1436809,BCC,3
IL_1437147,NV,3
IL_1438127,BCC,4
IL_1438394,BCC,3
IL_1438397,BKL,2
IL_1439879,BCC,3
IL_1441711,SCCKA,3
IL_1442151,NV,1
IL_1443713,BCC,4
IL_1445099,MEL,2
IL_1446570,MEL,2
IL_1448486,BCC,1
IL_1452313,BCC,3
IL_1453755,SCCKA,2
IL_1456101,MEL,4
IL_1461373,BCC,2
IL_1468442,SCCKA,4
IL_1469055,BCC,0
IL_1470267,BCC,0
IL_1470689,BCC,3
IL_1477835,DF,0
IL_1478833,MEL,4
IL_1479283,NV,0
IL_1480174,BCC,4
IL_1482319,BCC,0
IL_1484044,BKL,3
IL_1485026,BCC,3
IL_1486691,AKIEC,4
IL_1492358,BCC,3
IL_1495229,BCC,1
IL_1496554,SCCKA,0
IL_1500549,NV,4
IL_1501227,BCC,0
IL_1501614,AKIEC,3
IL_1504585,NV,3
IL_1504921,AKIEC,4
IL_1509738,BCC,1
IL_1509760,BCC,4
IL_1510895,BCC,1
IL_1510919,BCC,0
IL_1511744,BCC,3
IL_1512724,NV,2
IL_1515252,AKIEC,2
IL_1517338,SCCKA,4
IL_1524130,SCCKA,2
IL_1528983,BCC,2
IL_1529488,BCC,2
IL_1530235,BKL,4
IL_1535763,SCCKA,1
IL_1537266,BCC,4
IL_1538395,SCCKA,0
IL_1538944,NV,1
IL_1539562,BKL,3
IL_1539688,NV,1
IL_1543931,BCC,4
IL_1544139,SCCKA,2
IL_1546321,MEL,3
IL_1549960,NV,1
IL_1555108,BEN_OTH,1
IL_1556034,VASC,3
IL_1557433,BCC,3
IL_1558479,BKL,0
IL_1558791,BCC,0
IL_1559121,INF,1
IL_1561326,BCC,3
IL_1562251,BCC,3
IL_1564314,BCC,1
IL_1565112,BEN_OTH,4
IL_1565255,BCC,2
IL_1565429,BCC,2
IL_1567374,BCC,4
IL_1567666,NV,0
IL_1569334,NV,3
IL_1569644,BCC,1
IL_1571488,BCC,2
IL_1571556,BKL,3
IL_1572038,AKIEC,2
IL_1572653,BKL,3
IL_1575881,NV,2
IL_1575936,BCC,4
IL_1576423,MEL,3
IL_1577299,AKIEC,2
IL_1577473,SCCKA,3
IL_1587748,BCC,2
IL_1592850,BKL,2
IL_1595494,BKL,2
IL_1595828,BKL,2
IL_1601873,BCC,3
IL_1606035,SCCKA,3
IL_1606661,NV,1
IL_1608004,AKIEC,3
IL_1608050,BCC,0
IL_1608100,NV,1
IL_1609531,BCC,2
IL_1609893,AKIEC,0
IL_1610839,BCC,1
IL_1611761,SCCKA,0
IL_1612768,SCCKA,3
IL_1615908,NV,0
IL_1617304,BCC,2
IL_1618054,NV,3
IL_1618148,BCC,2
IL_1618777,BKL,0
IL_1621058,MEL,3
IL_1622119,MEL,2
IL_1623050,BKL,4
IL_1623260,BCC,2
IL_1623659,BCC,0
IL_1625931,BCC,3
IL_1627026,MEL,0
IL_1629455,BCC,1
IL_1633502,BCC,0
IL_1641012,NV,0
IL_1641261,INF,2
IL_1641908,BCC,0
IL_1644397,BCC,1
IL_1645941,INF,1
IL_1647212,BCC,1
IL_1647541,BCC,4
IL_1651344,DF,2
IL_1653926,BCC,1
IL_1655178,BCC,4
IL_1655830,BKL,4
IL_1657109,NV,3
IL_1658282,BCC,3
IL_1659172,BKL,1
IL_1659933,AKIEC,2
IL_1660797,NV,1
IL_1662116,NV,1
IL_1664257,NV,4
IL_1667522,BCC,2
IL_1669635,NV,2
IL_1670186,BCC,2
IL_1671184,SCCKA,2
IL_1671392,NV,4
IL_1672894,NV,0
IL_1673815,BCC,3
IL_1675253,BCC,0
IL_1678341,BCC,0
IL_1680101,NV,2
IL_1682958,BCC,2
IL_1684898,BCC,2
IL_1693296,VASC,2
IL_1693887,SCCKA,0
IL_1694504,BCC,1
IL_1696405,NV,4
IL_1701401,SCCKA,3
IL_1703552,BCC,4
IL_1711238,MEL,2
IL_1711365,BKL,2
IL_1712969,BCC,4
IL_1713775,BCC,3
IL_1717004,BKL,0
IL_1717276,BKL,4
IL_1718320,BCC,4
IL_1720611,AKIEC,2
IL_1724111,BCC,4
IL_1724228,BCC,4
IL_1726538,NV,1
IL_1732835,SCCKA,1
IL_1733952,SCCKA,1
IL_1734179,MEL,0
IL_1735251,BCC,0
IL_1735486,BCC,0
IL_1735552,INF,2
IL_1739101,BCC,4
IL_1739769,BKL,2
IL_1740059,VASC,4
IL_1740748,NV,1
IL_1741364,SCCKA,2
IL_1741464,BKL,0
IL_1741530,BKL,1
IL_1743491,BCC,0
IL_1744023,AKIEC,0
IL_1744975,BCC,3
IL_1746833,BCC,4
IL_1748759,BCC,3
IL_1749163,BCC,2
IL_1749756,BKL,4
IL_1752331,BCC,3
IL_1752453,BCC,0
IL_1752573,BCC,0
IL_1753473,NV,2
IL_1756405,BCC,0
IL_1758628,BKL,1
IL_1758673,BCC,3
IL_1763474,BCC,2
IL_1765810,AKIEC,3
IL_1766125,NV,0
IL_1770771,NV,3
IL_1773483,BCC,3
IL_1778367,BCC,0
IL_1779253,BKL,4
IL_1779696,BKL,1
IL_1779871,BKL,0
IL_1782345,MEL,3
IL_1794572,BCC,1
IL_1794752,BCC,2
IL_1796652,BCC,2
IL_1797280,BKL,0
IL_1799297,MEL,2
IL_1801069,NV,2
IL_1801204,BCC,2
IL_1801280,SCCKA,4
IL_1804750,AKIEC,2
IL_1804830,BCC,0
IL_1808002,BCC,1
IL_1812353,BKL,2
IL_1813183,BCC,2
IL_1815141,NV,0
IL_1817922,MEL,1
IL_1818431,BCC,4
IL_1821378,BCC,3
IL_1824943,SCCKA,4
IL_1827145,VASC,2
IL_1831903,BCC,4
IL_1833955,MEL,0
IL_1836211,SCCKA,2
IL_1839563,BCC,0
IL_1840884,BCC,4
IL_1843719,BCC,1
IL_1843945,BCC,4
IL_1844435,MEL,3
IL_1845648,NV,3
IL_1846045,BCC,3
IL_1846294,BCC,3
IL_1848591,SCCKA,4
IL_1848853,MEL,1
IL_1849535,BCC,2
IL_1857472,MEL,2
IL_1858376,SCCKA,0
IL_1858396,NV,2
IL_1858834,BCC,4
IL_1858842,VASC,4
IL_1860378,BCC,3
IL_1861078,BCC,4
IL_1861400,BCC,2
IL_1861760,DF,2
IL_1866416,BCC,0
IL_1866823,BCC,3
IL_1871141,AKIEC,0
IL_1873116,BCC,2
IL_1873727,BKL,3
IL_1873832,NV,1
IL_1874719,BKL,2
IL_1874896,BCC,4
IL_1877456,SCCKA,4
IL_1879101,AKIEC,3
IL_1880052,BCC,3
IL_1882056,MEL,1
IL_1882623,BCC,2
IL_1886112,MEL,2
IL_1888715,BKL,0
IL_1891015,SCCKA,1
IL_1891845,BCC,4
IL_1894858,BCC,3
IL_1898208,BKL,3
IL_1900541,BCC,1
IL_1902090,BKL,3
IL_1904975,NV,1
IL_1906171,NV,0
IL_1907886,NV,4
IL_1911635,BCC,1
IL_1916880,NV,2
IL_1918190,BCC,4
IL_1918702,BCC,3
IL_1921779,BCC,4
IL_1925186,BCC,4
IL_1927976,BKL,2
IL_1928434,BCC,2
IL_1930653,BCC,0
IL_1930968,NV,0
IL_1933864,BCC,3
IL_1936294,BCC,3
IL_1938646,BCC,0
IL_1943405,BCC,1
IL_1943704,MEL,3
IL_1948146,BCC,4
IL_1950813,BCC,2
IL_1958887,BCC,0
IL_1962759,NV,3
IL_1962885,MEL,3
IL_1963304,SCCKA,4
IL_1965425,BCC,2
IL_1966288,BCC,0
IL_1967474,VASC,1
IL_1969159,BCC,4
IL_1970176,MEL,4
IL_1975374,MEL,4
IL_1981700,BCC,1
IL_1987842,BCC,3
IL_1989864,BCC,3
IL_1993303,BCC,1
IL_1994258,BCC,3
IL_1994469,BCC,0
IL_1997703,NV,1
IL_2004753,BCC,0
IL_2006449,BCC,3
IL_2012452,NV,1
IL_2014821,DF,4
IL_2015219,BKL,2
IL_2027967,BCC,2
IL_2031934,BCC,0
IL_2032936,BCC,3
IL_2033265,BKL,2
IL_2040419,BCC,3
IL_2040993,BCC,4
IL_2041854,BCC,0
IL_2045312,BKL,3
IL_2048295,NV,0
IL_2048695,BCC,4
IL_2048772,BCC,2
IL_2049093,BCC,3
IL_2053741,SCCKA,3
IL_2055704,NV,2
IL_2055749,MEL,0
IL_2057238,SCCKA,3
IL_2058691,BCC,1
IL_2066626,BCC,4
IL_2067413,BKL,3
IL_2072035,BCC,4
IL_2080493,BCC,0
IL_2082500,BCC,3
IL_2086126,BCC,0
IL_2087483,DF,2
IL_2088373,NV,4
IL_2088463,BCC,3
IL_2090783,BKL,2
IL_2093270,NV,2
IL_2094234,MEL,0
IL_2095785,BCC,2
IL_2096357,BCC,2
IL_2096474,SCCKA,0
IL_2101385,NV,4
IL_2103836,DF,4
IL_2104146,BCC,0
IL_2104820,NV,0
IL_2107598,BKL,3
IL_2109163,AKIEC,3
IL_2110181,BCC,2
IL_2111173,BCC,4
IL_2113413,BKL,1
IL_2124181,SCCKA,1
IL_2128198,DF,3
IL_2131051,BCC,2
IL_2134316,BCC,4
IL_2135126,BKL,2
IL_2139485,BCC,2
IL_2141966,BCC,3
IL_2150976,BEN_OTH,0
IL_2152679,BCC,0
IL_2154531,MEL,3
IL_2156585,SCCKA,3
IL_2160413,VASC,4
IL_2163482,BCC,2
IL_2166765,BKL,1
IL_2167276,BCC,1
IL_2167719,BKL,1
IL_2170674,SCCKA,0
IL_2171810,SCCKA,0
IL_2172033,BCC,0
IL_2175729,SCCKA,2
IL_2176807,BCC,4
IL_2177210,SCCKA,2
IL_2178122,BCC,1
IL_2185095,BKL,2
IL_2185825,BKL,1
IL_2187730,AKIEC,0
IL_2190163,BKL,4
IL_2190354,BCC,3
IL_2191352,NV,4
IL_2194640,BCC,0
IL_2196510,NV,4
IL_2197335,SCCKA,2
IL_2198915,SCCKA,4
IL_2200466,MEL,2
IL_2201077,NV,1
IL_2201458,NV,4
IL_2201530,MEL,1
IL_2205080,NV,1
IL_2206044,NV,1
IL_2208727,BCC,1
IL_2211333,BCC,0
IL_2211543,BCC,3
IL_2211559,BCC,0
IL_2211999,BCC,4
IL_2215317,BKL,4
IL_2216444,BCC,2
IL_2218203,BCC,4
IL_2218381,BCC,1
IL_2218575,BCC,2
IL_2221229,NV,4
IL_2222251,NV,3
IL_2227380,NV,0
IL_2227490,BCC,0
IL_2228009,NV,1
IL_2228452,BCC,4
IL_2229268,MEL,1
IL_2233251,VASC,0
IL_2234007,BCC,3
IL_2234057,SCCKA,3
IL_2236716,NV,1
IL_2237412,NV,1
IL_2237445,NV,0
IL_2239570,BCC,2
IL_2241538,MEL,1
IL_2242136,MEL,2
IL_2243565,AKIEC,3
IL_2247062,NV,4
IL_2248531,BCC,0
IL_2248965,BCC,3
IL_2251187,MEL,4
IL_2251531,BCC,0
IL_2251689,NV,4
IL_2255727,BKL,4
IL_2257224,AKIEC,0
IL_2263451,BCC,2
IL_2265683,MEL,0
IL_2272404,NV,2
IL_2273559,BCC,0
IL_2273712,MEL,2
IL_2274387,BCC,1
IL_2274698,BCC,3
IL_2275218,BCC,0
IL_2276592,BCC,0
IL_2283112,BCC,4
IL_2286275,BCC,4
IL_2289243,BKL,4
IL_2291153,BCC,4
IL_2291194,BKL,0
IL_2291869,BKL,2
IL_2292995,BCC,2
IL_2293895,DF,3
IL_2295141,BCC,1
IL_2298931,NV,1
IL_2300316,AKIEC,1
IL_2301403,BCC,4
IL_2304727,SCCKA,2
IL_2305001,BCC,2
IL_2305768,BKL,2
IL_2307206,BCC,0
IL_2307468,MEL,4
IL_2308802,BCC,4
IL_2308976,BCC,1
IL_2309123,NV,4
IL_2315075,BCC,4
IL_2315755,MEL,3
IL_2317693,NV,0
IL_2320070,SCCKA,2
IL_2321044,AKIEC,0
IL_2322719,BCC,0
IL_2326241,BCC,2
IL_2326581,BCC,4
IL_2328375,BCC,2
IL_2328480,BCC,4
IL_2328752,BCC,1
IL_2329642,BCC,3
IL_2330730,BCC,3
IL_2332411,MEL,2
IL_2334074,BCC,1
IL_2334846,MEL,0
IL_2335600,SCCKA,4
IL_2337974,BCC,0
IL_2338679,BCC,1
IL_2341353,MEL,2
IL_2342693,MEL,2
IL_2344576,BKL,3
IL_2351136,BCC,2
IL_2352772,NV,0
IL_2357169,BKL,0
IL_2359351,BKL,1
IL_2360320,BCC,0
IL_2367179,BCC,3
IL_2369165,BCC,1
IL_2369272,BCC,4
IL_2371687,NV,0
IL_2372422,NV,2
IL_2373762,BKL,2
IL_2379441,NV,1
IL_2381359,NV,2
IL_2381875,NV,0
IL_2383580,AKIEC,3
IL_2383953,BCC,4
IL_2386676,NV,0
IL_2386719,NV,4
IL_2390458,BCC,0
IL_2397644,NV,2
IL_2400114,BCC,1
IL_2401021,SCCKA,2
IL_2401585,BKL,0
IL_2401627,BCC,4
IL_2403428,BCC,1
IL_2404701,NV,0
IL_2405400,BCC,4
IL_2406754,MEL,1
IL_2407358,BKL,3
IL_2408766,AKIEC,4
IL_2409650,BCC,1
IL_2413319,BCC,4
IL_2415353,BKL,4
IL_2416806,SCCKA,2
IL_2423269,BKL,0
IL_2426275,BCC,2
IL_2429008,MEL,2
IL_2432555,BCC,3
IL_2433161,MEL,3
IL_2441603,BCC,2
IL_2442202,SCCKA,1
IL_2448175,NV,3
IL_2448837,BCC,0
IL_2450142,MEL,1
IL_2450651,BKL,2
IL_2451092,BCC,0
IL_2454267,SCCKA,0
IL_2461087,NV,2
IL_2463656,NV,2
IL_2466178,BCC,3
IL_2466652,BCC,1
IL_2466872,BCC,3
IL_2467466,AKIEC,1
IL_2468895,BCC,3
IL_2470162,BKL,4
IL_2471050,BCC,1
IL_2473158,BKL,4
IL_2473715,SCCKA,2
IL_2473783,NV,1
IL_2474779,BCC,0
IL_2476952,BCC,0
IL_2477407,BCC,3
IL_2478742,BCC,1
IL_2480187,BCC,2
IL_2482896,DF,2
IL_2483019,BCC,0
IL_2484689,BKL,2
IL_2487876,BCC,0
IL_2491792,MEL,2
IL_2493163,NV,2
IL_2493463,INF,0
IL_2495327,BCC,2
IL_2495796,BCC,4
IL_2497125,MEL,3
IL_2497453,SCCKA,3
IL_2499143,BKL,0
IL_2502000,BCC,3
IL_2503315,MEL,3
IL_2504113,BCC,0
IL_2504779,NV,4
IL_2508861,AKIEC,0
IL_2511826,AKIEC,1
IL_2513710,BCC,0
IL_2514915,BKL,4
IL_2517543,MEL,1
IL_2521173,NV,0
IL_2521408,BCC,2
IL_2522638,NV,1
IL_2522650,BCC,4
IL_2526379,NV,2
IL_2527689,BCC,4
IL_2528197,AKIEC,3
IL_2528819,NV,3
IL_2529122,BCC,2
IL_2531194,NV,4
IL_2531198,BCC,0
IL_2531904,BKL,3
IL_2533791,NV,1
IL_2534024,BCC,1
IL_2538278,BKL,2
IL_2538872,BCC,4
IL_2540198,SCCKA,2
IL_2541447,BCC,4
IL_2543533,MEL,4
IL_2545098,BKL,1
IL_2546543,BCC,1
IL_2547108,BCC,2
IL_2547187,BCC,1
IL_2547802,NV,1
IL_2553098,BCC,1
IL_2557121,BCC,0
IL_2561893,BCC,4
IL_2564973,BCC,3
IL_2566700,BCC,4
IL_2567516,NV,4
IL_2568881,BCC,1
IL_2574343,SCCKA,1
IL_2577836,SCCKA,1
IL_2582218,BCC,3
IL_2582722,BCC,3
IL_2585626,AKIEC,3
IL_2587560,BCC,3
IL_2587941,BKL,3
IL_2588652,BCC,0
IL_2590916,BCC,3
IL_2591280,BCC,0
IL_2591955,BCC,4
IL_2596452,SCCKA,3
IL_2598820,MEL,2
IL_2601200,BCC,1
IL_2609201,NV,3
IL_2610078,BCC,3
IL_2610875,BCC,2
IL_2612192,BCC,1
IL_2621317,SCCKA,4
IL_2623248,BCC,2
IL_2632652,NV,2
IL_2634520,BCC,0
IL_2634708,BCC,3
IL_2634842,BCC,1
IL_2634845,BKL,3
IL_2638110,MEL,4
IL_2643688,BCC,3
IL_2647562,BKL,3
IL_2648810,BCC,2
IL_2649297,NV,2
IL_2650729,SCCKA,0
IL_2651247,MEL,0
IL_2652500,SCCKA,4
IL_2652788,VASC,4
IL_2653791,BCC,1
IL_2658437,BCC,2
IL_2658835,BCC,0
IL_2659393,BCC,3
IL_2659865,MEL,2
IL_2660318,BCC,0
IL_2662922,BCC,0
IL_2662966,BCC,1
IL_2663790,SCCKA,3
IL_2663991,SCCKA,2
IL_2664581,BCC,2
IL_2664685,NV,4
IL_2670180,SCCKA,2
IL_2670603,BCC,3
IL_2671860,BCC,0
IL_2674026,BCC,2
IL_2674670,BCC,3
IL_2675475,BCC,0
IL_2679001,BCC,2
IL_2682225,SCCKA,1
IL_2685280,BKL,4
IL_2687877,BCC,2
IL_2689695,BCC,1
IL_2689946,BKL,1
IL_2692187,BEN_OTH,4
IL_2692923,MEL,3
IL_2694953,NV,1
IL_2696717,BCC,1
IL_2700480,BCC,3
IL_2702338,MEL,3
IL_2703142,NV,4
IL_2704222,BCC,1
IL_2707139,AKIEC,0
IL_2707653,BCC,0
IL_2707922,SCCKA,2
IL_2710890,NV,1
IL_2711226,SCCKA,2
IL_2714840,BCC,3
IL_2715544,BKL,3
IL_2717072,AKIEC,0
IL_2718165,AKIEC,0
IL_2718328,BCC,2
IL_2719236,BCC,2
IL_2719812,BCC,0
IL_2720879,BCC,3
IL_2721473,MEL,4
IL_2721693,BCC,2
IL_2722243,BCC,3
IL_2722741,BCC,4
IL_2725320,AKIEC,0
IL_2729138,BCC,0
IL_2730356,BCC,3
IL_2733872,BCC,3
IL_2734125,BCC,1
IL_2734899,BCC,2
IL_2735586,BKL,2
IL_2739808,MEL,1
IL_2740956,BCC,0
IL_2740967,MEL,1
IL_2742965,BKL,0
IL_2744874,BCC,3
IL_2745193,NV,4
IL_2747674,MEL,1
IL_2748244,BCC,4
IL_2750081,NV,0
IL_2750641,BCC,3
IL_2751671,BCC,3
IL_2751796,BCC,2
IL_2752948,BCC,3
IL_2753111,SCCKA,0
IL_2755803,BCC,4
IL_2759218,MEL,4
IL_2759260,BKL,1
IL_2759554,NV,4
IL_2760690,BCC,2
IL_2770986,MEL,4
IL_2771122,BKL,1
IL_2771933,BCC,0
IL_2772530,SCCKA,0
IL_2775597,BCC,3
IL_2778594,BCC,3
IL_2779064,BCC,2
IL_2779245,BCC,0
IL_2783925,BCC,1
IL_2786216,NV,2
IL_2788163,NV,3
IL_2788353,BCC,2
IL_2791658,BCC,0
IL_2791717,NV,4
IL_2791803,BKL,2
IL_2794961,BCC,1
IL_2797593,NV,3
IL_2797829,BKL,1
IL_2802715,BCC,4
IL_2803011,BKL,3
IL_2806266,BCC,4
IL_2808102,MEL,2
IL_2808273,BCC,1
IL_2810751,VASC,1
IL_2811473,MEL,4
IL_2812139,BCC,2
IL_2815736,SCCKA,4
IL_2816298,BCC,2
IL_2821398,BCC,2
IL_2821734,BCC,1
IL_2826378,SCCKA,0
IL_2830385,SCCKA,1
IL_2831969,AKIEC,1
IL_2832342,BKL,1
IL_2833309,NV,2
IL_2834231,BCC,4
IL_2836148,BKL,4
IL_2840030,BCC,0
IL_2849550,BCC,2
IL_2851891,NV,4
IL_2852064,BCC,4
IL_2854884,NV,3
IL_2860298,BCC,2
IL_2867550,MEL,3
IL_2868524,BCC,2
IL_2868879,SCCKA,4
IL_2869334,BKL,3
IL_2870960,NV,3
IL_2875724,BCC,4
IL_2875964,BCC,1
IL_2879625,AKIEC,4
IL_2880261,BCC,1
IL_2881037,BCC,2
IL_2885420,MEL,4
IL_2888041,AKIEC,0
IL_2888238,BCC,2
IL_2889999,BKL,4
IL_2894575,AKIEC,0
IL_2895594,VASC,1
IL_2897531,BCC,4
IL_2899704,BCC,1
IL_2900528,BCC,2
IL_2902752,BCC,1
IL_2908166,BKL,0
IL_2915335,SCCKA,3
IL_2918180,BCC,0
IL_2918897,BCC,3
IL_2921214,BKL,0
IL_2922462,BCC,3
IL_2925087,AKIEC,3
IL_2926353,BCC,2
IL_2929786,SCCKA,2
IL_2935658,NV,1
IL_2943646,BCC,3
IL_2951837,NV,0
IL_2955250,BCC,4
IL_2956411,MEL,4
IL_2958247,BCC,0
IL_2958818,BCC,0
IL_2962175,VASC,1
IL_2962292,BCC,0
IL_2965012,BCC,4
IL_2968556,AKIEC,4
IL_2972185,MEL,0
IL_2972569,DF,0
IL_2974900,BCC,4
IL_2980838,BKL,1
IL_2982870,BCC,3
IL_2983051,BCC,4
IL_2983188,BCC,4
IL_2986546,BCC,3
IL_2987017,BCC,1
IL_2988489,BCC,4
IL_2988717,BKL,4
IL_2989326,MEL,4
IL_2991025,BCC,0
IL_2992485,AKIEC,1
IL_2994581,BCC,0
IL_2995561,BCC,1
IL_2996950,SCCKA,4
IL_2998977,BCC,2
IL_3003587,MEL,2
IL_3006053,MEL,4
IL_3007295,BCC,4
IL_3009838,BKL,1
IL_3013731,AKIEC,4
IL_3017961,BCC,4
IL_3019343,BCC,0
IL_3020012,MEL,4
IL_3020505,BCC,0
IL_3023010,MEL,1
IL_3026387,BCC,1
IL_3032174,DF,0
IL_3034019,BCC,1
IL_3035506,NV,0
IL_3037585,BCC,1
IL_3038127,BCC,4
IL_3039363,BCC,3
IL_3044771,BCC,1
IL_3044887,NV,2
IL_3046914,BCC,2
IL_3048168,BCC,2
IL_3052148,BCC,1
IL_3052885,BKL,4
IL_3057922,BCC,3
IL_3058425,MEL,0
IL_3060691,BCC,1
IL_3060929,NV,2
IL_3061699,MEL,0
IL_3065098,BCC,4
IL_3065371,BCC,1
IL_3065400,MEL,2
IL_3065625,NV,3
IL_3067885,VASC,3
IL_3069196,BCC,2
IL_3069330,BCC,2
IL_3069610,BCC,0
IL_3070568,BCC,2
IL_3070749,BCC,3
IL_3077425,NV,4
IL_3082465,BKL,4
IL_3082764,NV,2
IL_3085250,NV,4
IL_3087149,BKL,4
IL_3087558,BCC,1
IL_3088374,MEL,4
IL_3089993,BKL,1
IL_3090203,BEN_OTH,1
IL_3092019,BCC,0
IL_3096857,BCC,3
IL_3098678,BCC,0
IL_3099616,BCC,3
IL_3102698,SCCKA,1
IL_3102768,BCC,1
IL_3104013,BCC,1
IL_3104790,BCC,1
IL_3115470,SCCKA,4
IL_3117847,NV,4
IL_3122481,BCC,2
IL_3124756,VASC,0
IL_3133685,BKL,4
IL_3134757,BCC,0
IL_3137166,AKIEC,0
IL_3138805,SCCKA,3
IL_3141578,NV,0
IL_3143674,BCC,2
IL_3144170,NV,3
IL_3146700,BCC,3
IL_3146930,BCC,2
IL_3147043,MEL,2
IL_3148585,BKL,4
IL_3148978,BCC,3
IL_3150331,BCC,2
IL_3151358,BKL,4
IL_3151519,MEL,4
IL_3154103,NV,1
IL_3154330,SCCKA,4
IL_3154497,BCC,3
IL_3154586,BCC,0
IL_3154962,MEL,4
IL_3156059,MEL,4
IL_3156209,BCC,1
IL_3157570,BCC,4
IL_3157584,MEL,1
IL_3160431,NV,4
IL_3161525,BCC,3
IL_3162928,NV,4
IL_3165237,BCC,0
IL_3170694,SCCKA,2
IL_3172829,BKL,2
IL_3176703,BCC,3
IL_3179452,BKL,2
IL_3180618,DF,0
IL_3181728,AKIEC,0
IL_3183232,BCC,0
IL_3186878,NV,0
IL_3196710,BCC,3
IL_3199260,BKL,2
IL_3201374,BCC,1
IL_3203349,BCC,0
IL_3204310,MEL,0
IL_3205474,MEL,0
IL_3205547,BKL,4
IL_3211477,BCC,2
IL_3212052,NV,1
IL_3214039,MEL,1
IL_3216305,BCC,0
IL_3221884,BCC,0
IL_3222317,BCC,0
IL_3224912,BCC,0
IL_3225155,NV,2
IL_3226127,BCC,4
IL_3228956,BCC,0
IL_3230932,BCC,1
IL_3231660,MEL,3
IL_3233038,MEL,0
IL_3236143,BCC,3
IL_3236486,MEL,1
IL_3237613,INF,0
IL_3237666,BCC,3
IL_3237726,MEL,4
IL_3239005,SCCKA,3
IL_3239259,AKIEC,0
IL_3240124,BKL,3
IL_3242715,BCC,2
IL_3244016,BCC,4
IL_3245331,AKIEC,4
IL_3248471,BCC,2
IL_3248533,BCC,0
IL_3249139,MEL,0
IL_3252153,VASC,3
IL_3252703,MEL,1
IL_3253177,NV,0
IL_3256681,BCC,1
IL_3256866,SCCKA,0
IL_3257772,BCC,1
IL_3259984,BCC,3
IL_3260331,AKIEC,4
IL_3262094,BKL,0
IL_3263811,BCC,4
IL_3268494,BCC,4
IL_3269289,BCC,2
IL_3271676,BCC,1
IL_3278541,BCC,4
IL_3285087,SCCKA,3
IL_3286495,BCC,3
IL_3288060,BCC,4
IL_3288757,NV,4
IL_3289221,AKIEC,2
IL_3290322,BCC,0
IL_3292594,BKL,0
IL_3293751,BCC,1
IL_3293897,BCC,0
IL_3295228,NV,4
IL_3295356,BCC,4
IL_3295486,NV,0
IL_3295826,BKL,4
IL_3296162,SCCKA,1
IL_3297767,BCC,4
IL_3299607,BCC,2
IL_3300322,BCC,4
IL_3301980,BCC,1
IL_3303536,AKIEC,2
IL_3303655,BCC,0
IL_3305378,BCC,1
IL_3306844,BCC,3
IL_3307198,SCCKA,0
IL_3307769,SCCKA,4
IL_3307865,BCC,3
IL_3308348,BCC,4
IL_3310631,BCC,3
IL_3311502,INF,3
IL_3312437,NV,3
IL_3312566,BCC,2
IL_3314266,BKL,0
IL_3316446,BKL,4
IL_3316669,BCC,1
IL_3319164,AKIEC,1
IL_3323231,MEL,0
IL_3326001,BCC,4
IL_3327660,BCC,0
IL_3327955,INF,1
IL_3334554,MEL,3
IL_3335346,AKIEC,2
IL_3339470,BCC,4
IL_3339713,NV,2
IL_3340189,BCC,1
IL_3341397,AKIEC,3
IL_3341722,BCC,3
IL_3347593,BCC,4
IL_3351126,AKIEC,4
IL_3354355,BCC,0
IL_3355699,MEL,3
IL_3356147,BCC,0
IL_3357031,BCC,4
IL_3358821,BKL,1
IL_3360442,BCC,3
IL_3360591,SCCKA,3
IL_3361305,SCCKA,4
IL_3363042,BCC,0
IL_3364981,MEL,1
IL_3366115,BKL,1
IL_3366376,BKL,2
IL_3368963,BCC,1
IL_3376509,BCC,0
IL_3376861,MEL,1
IL_3377032,BKL,1
IL_3380076,AKIEC,4
IL_3382606,SCCKA,0
IL_3383125,BCC,2
IL_3383259,NV,0
IL_3385490,MEL,1
IL_3392979,NV,1
IL_3393264,NV,2
IL_3395310,BCC,4
IL_3397052,MAL_OTH,4
IL_3397274,BEN_OTH,0
IL_3398129,BCC,0
IL_3400406,BCC,0
IL_3400636,DF,4
IL_3405101,BCC,3
IL_3405396,MEL,3
IL_3406268,BCC,0
IL_3408986,BCC,2
IL_3415127,BCC,2
IL_3415556,BCC,0
IL_3417024,MEL,1
IL_3420465,BKL,4
IL_3423568,MEL,0
IL_3423821,NV,4
IL_3423886,BCC,3
IL_3424519,NV,3
IL_3424617,NV,4
IL_3426033,BCC,3
IL_3435246,BKL,2
IL_3436686,AKIEC,3
IL_3439844,DF,1
IL_3441650,BCC,1
IL_3447838,BKL,1
IL_3450487,SCCKA,2
IL_3451729,BCC,2
IL_3452976,BCC,3
IL_3453159,BCC,3
IL_3453453,BCC,0
IL_3457214,BCC,2
IL_3460639,BKL,4
IL_3461218,BCC,0
IL_3462420,BCC,1
IL_3464725,BCC,0
IL_3465975,NV,0
IL_3467743,BCC,2
IL_3469370,SCCKA,1
IL_3471902,MEL,4
IL_3472357,BCC,1
IL_3472941,NV,4
IL_3473944,SCCKA,3
IL_3475151,BKL,1
IL_3475152,BKL,2
IL_3477265,BCC,0
IL_3478761,BCC,2
IL_3481443,BKL,4
IL_3482678,SCCKA,4
IL_3484417,BCC,1
IL_3484645,AKIEC,2
IL_3485439,BCC,2
IL_3486066,AKIEC,1
IL_3487572,SCCKA,1
IL_3488332,BCC,2
IL_3488429,BCC,1
IL_3489580,BCC,0
IL_3492257,BCC,1
IL_3492505,BCC,1
IL_3492716,BCC,2
IL_3493081,NV,4
IL_3496522,BCC,1
IL_3496860,NV,2
IL_3498244,SCCKA,4
IL_3499817,BCC,1
IL_3503825,MEL,0
IL_3504341,BCC,0
IL_3507872,BKL,1
IL_3511667,BKL,1
IL_3517038,BKL,0
IL_3518780,BCC,1
IL_3518788,BKL,0
IL_3518875,BCC,4
IL_3521617,NV,3
IL_3522764,BCC,2
IL_3527246,BCC,0
IL_3528206,INF,1
IL_3529171,SCCKA,2
IL_3529988,BCC,1
IL_3531098,SCCKA,3
IL_3532115,BKL,4
IL_3540228,BEN_OTH,3
IL_3541030,NV,4
IL_3542015,SCCKA,3
IL_3544238,NV,2
IL_3545610,AKIEC,4
IL_3546806,BCC,1
IL_3547221,BKL,4
IL_3550428,BCC,0
IL_3551061,BCC,0
IL_3553236,MEL,3
IL_3558954,BCC,4
IL_3559203,BCC,1
IL_3559217,NV,2
IL_3559372,BCC,4
IL_3560124,NV,1
IL_3561998,BCC,4
IL_3562985,SCCKA,4
IL_3565320,MEL,2
IL_3566377,BKL,4
IL_3566495,BCC,1
IL_3568904,BCC,1
IL_3569570,BCC,0
IL_3570524,SCCKA,4
IL_3570537,AKIEC,0
IL_3574782,BCC,3
IL_3576180,NV,0
IL_3576775,BCC,1
IL_3577604,BCC,2
IL_3580495,BKL,3
IL_3581501,BCC,0
IL_3581792,BCC,1
IL_3582002,AKIEC,1
IL_3582331,NV,4
IL_3593034,BCC,3
IL_3596093,BCC,4
IL_3599866,BKL,3
IL_3600941,BCC,4
IL_3603601,AKIEC,4
IL_3605485,AKIEC,1
IL_3606154,BCC,4
IL_3608971,BCC,1
IL_3609396,BCC,4
IL_3609983,NV,3
IL_3615210,BCC,3
IL_3615329,BCC,0
IL_3619521,BCC,4
IL_3625666,MEL,0
IL_3627285,NV,0
IL_3631191,NV,1
IL_3632204,NV,3
IL_3634030,BCC,0
IL_3634935,NV,3
IL_3635889,BCC,4
IL_3636394,MEL,1
IL_3638399,BKL,2
IL_3640524,NV,0
IL_3644739,NV,2
IL_3647714,NV,0
IL_3650065,INF,2
IL_3650991,BCC,0
IL_3651436,BCC,2
IL_3656714,BCC,2
IL_3657204,BCC,1
IL_3658714,NV,0
IL_3660517,BCC,2
IL_3660671,BCC,1
IL_3663499,BCC,0
IL_3664176,BCC,1
IL_3668497,NV,0
IL_3672233,NV,2
IL_3672898,BKL,2
IL_3673617,BCC,2
IL_3673885,BCC,2
IL_3673925,NV,4
IL_3677701,AKIEC,3
IL_3681350,BCC,1
IL_3682570,NV,1
IL_3685278,SCCKA,4
IL_3686069,NV,1
IL_3687151,BCC,2
IL_3694094,BCC,2
IL_3700526,BCC,3
IL_3702520,BCC,1
IL_3703578,AKIEC,3
IL_3703850,NV,0
IL_3705242,BCC,0
IL_3709940,MEL,4
IL_3711710,BCC,2
IL_3711784,BCC,2
IL_3715048,MEL,4
IL_3715792,NV,3
IL_3719670,SCCKA,0
IL_3720458,MEL,2
IL_3721335,VASC,3
IL_3722904,BCC,4
IL_3724893,BCC,4
IL_3727802,BCC,4
IL_3730515,BCC,1
IL_3732140,BCC,2
IL_3732143,BCC,0
IL_3734319,BCC,4
IL_3738052,BEN_OTH,2
IL_3739398,BCC,4
IL_3742316,BCC,4
IL_3742523,SCCKA,2
IL_3744094,VASC,2
IL_3745397,BCC,0
IL_3749738,BKL,2
IL_3751516,BCC,1
IL_3752602,BCC,0
IL_3754821,SCCKA,0
IL_3758218,BCC,4
IL_3758712,BKL,3
IL_3766346,NV,0
IL_3767743,BCC,2
IL_3767915,BCC,0
IL_3767932,NV,0
IL_3770255,MEL,4
IL_3771556,NV,3
IL_3772010,MAL_OTH,3
IL_3772647,BCC,1
IL_3772690,SCCKA,4
IL_3774804,SCCKA,4
IL_3778802,NV,4
IL_3783944,AKIEC,2
IL_3787537,BCC,2
IL_3790645,MEL,1
IL_3790994,BCC,2
IL_3794416,BCC,4
IL_3800728,BCC,0
IL_3802643,BCC,0
IL_3805769,BCC,2
IL_3806100,SCCKA,0
IL_3807651,BCC,2
IL_3809267,MEL,3
IL_3812776,BCC,1
IL_3812964,NV,0
IL_3817473,NV,0
IL_3818681,SCCKA,3
IL_3819461,BCC,4
IL_3824346,SCCKA,1
IL_3824420,NV,2
IL_3826900,BCC,1
IL_3827955,BKL,3
IL_3829109,NV,0
IL_3830097,BCC,4
IL_3836010,BCC,3
IL_3836672,MEL,0
IL_3836754,BCC,0
IL_3837835,BCC,0
IL_3837894,AKIEC,3
IL_3839366,BCC,4
IL_3844100,SCCKA,1
IL_3844274,BCC,3
IL_3845206,BKL,2
IL_3847585,BKL,1
IL_3850759,BCC,4
IL_3852140,NV,2
IL_3852871,NV,1
IL_3853188,DF,2
IL_3853343,SCCKA,0
IL_3855783,BCC,2
IL_3857258,BCC,3
IL_3857855,NV,2
IL_3858300,BKL,4
IL_3858708,AKIEC,1
IL_3859147,BCC,2
IL_3859587,BCC,3
IL_3860000,BKL,4
IL_3861295,DF,2
IL_3871649,NV,1
IL_3876591,BCC,4
IL_3879916,AKIEC,2
IL_3883867,NV,0
IL_3884267,NV,0
IL_3884750,BCC,4
IL_3884905,DF,2
IL_3884933,BCC,2
IL_3887392,BCC,0
IL_3888766,BCC,3
IL_3892342,BCC,2
IL_3892399,BCC,4
IL_3893799,SCCKA,0
IL_3895392,SCCKA,3
IL_3897948,BCC,0
IL_3899436,BCC,4
IL_3899977,BKL,0
IL_3901946,DF,4
IL_3906452,MEL,0
IL_3907466,BCC,1
IL_3908552,BCC,4
IL_3910210,NV,3
IL_3914396,BCC,0
IL_3916438,NV,1
IL_3919255,NV,1
IL_3925497,MEL,4
IL_3930642,BCC,2
IL_3931647,BKL,3
IL_3935951,NV,1
IL_3936044,AKIEC,0
IL_3938261,BCC,0
IL_3939188,AKIEC,3
IL_3944714,BCC,2
IL_3944877,BKL,2
IL_3945386,BCC,1
IL_3948113,NV,1
IL_3949779,BCC,0
IL_3952993,BCC,3
IL_3954142,INF,4
IL_3954286,BCC,1
IL_3955700,BKL,3
IL_3956488,BKL,3
IL_3961621,BCC,3
IL_3966322,DF,3
IL_3968008,BCC,1
IL_3968220,NV,0
IL_3973375,BKL,1
IL_3974873,BCC,3
IL_3976395,BCC,2
IL_3980813,BCC,4
IL_3982236,BKL,0
IL_3982685,NV,4
IL_3984106,BCC,3
IL_3984556,BCC,1
IL_3985289,BCC,3
IL_3986859,BCC,1
IL_3987209,SCCKA,0
IL_3990858,BKL,3
IL_3991500,NV,2
IL_3995124,NV,3
IL_3995559,MEL,3
IL_3996209,BCC,0
IL_3999656,BKL,0
IL_4000063,BCC,2
IL_4003805,BCC,2
IL_4005542,BCC,0
IL_4008032,BCC,3
IL_4010567,BCC,4
IL_4011591,BCC,3
IL_4013404,NV,4
IL_4015357,BCC,3
IL_4019349,BCC,2
IL_4020626,BKL,2
IL_4022270,BCC,0
IL_4028485,MEL,1
IL_4028945,AKIEC,2
IL_4032285,BCC,4
IL_4033991,BKL,0
IL_4034237,BCC,3
IL_4034865,BCC,1
IL_4041847,MEL,0
IL_4042622,BCC,0
IL_4049256,BCC,3
IL_4050441,BCC,1
IL_4051895,MEL,3
IL_4052441,NV,0
IL_4052730,NV,2
IL_4055680,BCC,1
IL_4061153,BCC,4
IL_4061949,NV,3
IL_4064310,BCC,0
IL_4064393,NV,4
IL_4064618,MEL,3
IL_4066034,BCC,2
IL_4067349,BCC,2
IL_4068514,BCC,1
IL_4072310,NV,2
IL_4073740,MEL,1
IL_4075646,BCC,4
IL_4079886,SCCKA,0
IL_4083881,AKIEC,4
IL_4084018,BCC,2
IL_4088084,SCCKA,1
IL_4088616,BCC,0
IL_4093493,AKIEC,4
IL_4094223,BCC,3
IL_4095279,BCC,3
IL_4096738,SCCKA,3
IL_4099426,BCC,0
IL_4100089,NV,4
IL_4103128,BCC,0
IL_4104039,SCCKA,2
IL_4106945,NV,2
IL_4107565,BCC,1
IL_4108143,NV,4
IL_4109255,SCCKA,1
IL_4115404,AKIEC,2
IL_4116292,NV,0
IL_4122724,BCC,0
IL_4123354,SCCKA,4
IL_4124169,NV,1
IL_4124357,BCC,2
IL_4125524,BCC,2
IL_4125951,BCC,4
IL_4126361,BCC,2
IL_4126590,BCC,1
IL_4128851,BKL,3
IL_4129190,BEN_OTH,0
IL_4130663,BCC,3
IL_4130866,BCC,4
IL_4131392,NV,2
IL_4131628,BCC,2
IL_4132479,NV,2
IL_4132996,MEL,0
IL_4133123,DF,1
IL_4135081,BCC,3
IL_4137661,SCCKA,3
IL_4143082,SCCKA,0
IL_4147641,SCCKA,2
IL_4149051,BCC,4
IL_4149109,BCC,4
IL_4149493,BCC,2
IL_4150500,BCC,1
IL_4153539,BCC,3
IL_4155975,BCC,3
IL_4156451,BCC,4
IL_4157363,AKIEC,0
IL_4160541,BCC,1
IL_4163888,BCC,0
IL_4164624,BCC,0
IL_4174336,AKIEC,0
IL_4175034,BKL,0
IL_4175497,INF,3
IL_4176966,BCC,4
IL_4177126,BKL,3
IL_4177354,BCC,4
IL_4179899,MEL,3
IL_4180169,BKL,4
IL_4180707,BCC,2
IL_4182529,BCC,3
IL_4182548,BKL,0
IL_4185194,MEL,0
IL_4185441,BCC,4
IL_4186623,AKIEC,2
IL_4186726,NV,2
IL_4186953,SCCKA,0
IL_4188654,BCC,0
IL_4190989,NV,2
IL_4194346,BCC,2
IL_4196586,BCC,3
IL_4203515,BKL,1
IL_4203522,BCC,2
IL_4206745,SCCKA,3
IL_4209948,SCCKA,3
IL_4212984,BCC,2
IL_4213218,BCC,4
IL_4217663,NV,4
IL_4220854,NV,4
IL_4225640,BCC,4
IL_4233206,BKL,2
IL_4240733,BCC,4
IL_4241056,NV,1
IL_4242651,BCC,0
IL_4245376,BCC,1
IL_4246479,BKL,3
IL_4250777,BCC,2
IL_4255288,NV,0
IL_4258234,AKIEC,1
IL_4258964,BEN_OTH,3
IL_4259572,BCC,0
IL_4260249,BCC,1
IL_4262714,BCC,4
IL_4262969,SCCKA,1
IL_4263582,BCC,3
IL_4268143,NV,4
IL_4269684,SCCKA,4
IL_4270354,BCC,0
IL_4279483,BCC,2
IL_4282136,BKL,2
IL_4282772,MEL,4
IL_4284690,BCC,0
IL_4287532,BKL,1
IL_4287867,AKIEC,2
IL_4290586,AKIEC,1
IL_4294733,BCC,3
IL_4298080,MEL,0
IL_4299606,BCC,3
IL_4305250,BCC,4
IL_4305709,NV,2
IL_4308535,AKIEC,1
IL_4310742,SCCKA,0
IL_4310932,MEL,2
IL_4312042,NV,0
IL_4312486,SCCKA,2
IL_4313247,SCCKA,0
IL_4314466,BCC,1
IL_4314497,BCC,2
IL_4315407,BKL,0
IL_4316147,BCC,1
IL_4316230,SCCKA,4
IL_4316869,BCC,3
IL_4316871,BCC,1
IL_4318983,BCC,1
IL_4319503,BKL,2
IL_4320336,NV,4
IL_4322313,BCC,0
IL_4323470,BCC,2
IL_4323973,BCC,3
IL_4325075,BKL,2
IL_4326191,BCC,0
IL_4327205,BCC,1
IL_4332595,BCC,3
IL_4334005,BCC,4
IL_4336969,AKIEC,3
IL_4337427,BKL,0
IL_4339655,BCC,2
IL_4340050,MEL,2
IL_4340188,BCC,2
IL_4343472,BCC,4
IL_4344178,NV,4
IL_4347033,NV,0
IL_4351446,BCC,2
IL_4352932,BCC,0
IL_4354800,NV,0
IL_4354918,BCC,3
IL_4355222,BCC,1
IL_4355798,BCC,1
IL_4358287,BCC,2
IL_4359094,BCC,2
IL_4363780,BKL,2
IL_4365113,BCC,3
IL_4368392,BCC,2
IL_4371981,BCC,4
IL_4373578,BCC,1
IL_4375054,SCCKA,2
IL_4375831,VASC,3
IL_4376173,NV,3
IL_4376551,NV,0
IL_4377076,SCCKA,3
IL_4381909,AKIEC,0
IL_4381974,BCC,4
IL_4383130,BCC,4
IL_4384125,BCC,2
IL_4391633,BKL,4
IL_4392896,BKL,2
IL_4396265,BCC,2
IL_4396586,NV,0
IL_4400471,MEL,4
IL_4402177,BCC,4
IL_4402414,BCC,2
IL_4402692,AKIEC,4
IL_4403121,BCC,4
IL_4404919,MEL,1
IL_4405494,NV,3
IL_4406206,BCC,4
IL_4407771,BCC,4
IL_4410437,BCC,1
IL_4414244,BCC,2
IL_4415263,BCC,0
IL_4416537,BCC,1
IL_4419075,BCC,1
IL_4419234,MEL,2
IL_4419793,AKIEC,4
IL_4420927,NV,1
IL_4421152,NV,0
IL_4421569,BCC,1
IL_4425238,AKIEC,2
IL_4429856,SCCKA,1
IL_4429998,BCC,0
IL_4430072,BKL,2
IL_4432216,MEL,2
IL_4436720,SCCKA,0
IL_4438547,NV,3
IL_4439948,BKL,4
IL_4441358,BCC,0
IL_4444660,MEL,3
IL_4446181,MEL,3
IL_4446473,AKIEC,4
IL_4448697,BCC,3
IL_4452880,BCC,4
IL_4453388,BCC,3
IL_4453479,SCCKA,2
IL_4454107,BCC,0
IL_4455323,AKIEC,1
IL_4456737,NV,1
IL_4457515,BCC,1
IL_4459235,AKIEC,3
IL_4459414,BCC,3
IL_4459990,BKL,1
IL_4460896,BCC,0
IL_4463388,BCC,2
IL_4465213,BCC,1
IL_4466294,NV,3
IL_4470686,NV,0
IL_4472583,SCCKA,2
IL_4476860,NV,3
IL_4478741,BCC,0
IL_4484576,BCC,0
IL_4486702,BKL,0
IL_4491344,SCCKA,4
IL_4491855,BCC,0
IL_4494242,SCCKA,2
IL_4498199,MEL,1
IL_4499272,NV,4
IL_4500103,BKL,3
IL_4500460,BCC,1
IL_4504352,BCC,3
IL_4504514,BCC,0
IL_4505417,SCCKA,1
IL_4507601,BCC,3
IL_4508203,AKIEC,3
IL_4511689,BCC,0
IL_4512355,MEL,4
IL_4514028,NV,3
IL_4514039,NV,3
IL_4516154,AKIEC,2
IL_4517791,MEL,2
IL_4519141,NV,1
IL_4522594,MEL,0
IL_4524955,BCC,2
IL_4528445,MEL,0
IL_4530346,BCC,4
IL_4534597,BCC,2
IL_4537840,SCCKA,0
IL_4538075,AKIEC,2
IL_4541934,NV,3
IL_4545799,MEL,1
IL_4547329,NV,2
IL_4547617,MEL,0
IL_4551923,NV,4
IL_4551959,NV,2
IL_4557946,BCC,2
IL_4561520,NV,2
IL_4563255,NV,2
IL_4563782,NV,0
IL_4563820,INF,3
IL_4564501,NV,0
IL_4566979,INF,3
IL_4567076,BCC,3
IL_4571173,MEL,4
IL_4571566,BCC,0
IL_4571901,BCC,0
IL_4575462,BKL,3
IL_4576519,BKL,0
IL_4577281,BKL,3
IL_4580726,BCC,3
IL_4581258,SCCKA,2
IL_4581879,BKL,0
IL_4582697,NV,1
IL_4585306,BCC,3
IL_4588055,NV,3
IL_4591164,BCC,0
IL_4591781,BCC,1
IL_4597676,BCC,4
IL_4600654,BCC,0
IL_4601924,SCCKA,3
IL_4609095,SCCKA,0
IL_4609448,BCC,1
IL_4610207,BCC,4
IL_4610618,MEL,0
IL_4613455,NV,3
IL_4614364,SCCKA,4
IL_4615108,BCC,1
IL_4615374,SCCKA,1
IL_4618514,NV,4
IL_4621496,BCC,4
IL_4624720,AKIEC,2
IL_4628159,BCC,3
IL_4628367,BCC,0
IL_4629787,BCC,3
IL_4630533,AKIEC,4
IL_4635992,NV,2
IL_4638658,BCC,0
IL_4639886,SCCKA,3
IL_4639919,SCCKA,0
IL_4641417,BCC,1
IL_4641431,BCC,2
IL_4642030,SCCKA,4
IL_4642532,BCC,3
IL_4644252,NV,1
IL_4645849,BKL,4
IL_4647036,BCC,2
IL_4647255,BCC,2
IL_4652077,BCC,0
IL_4652150,SCCKA,4
IL_4653785,MEL,0
IL_4656673,BCC,1
IL_4658276,SCCKA,1
IL_4663094,NV,0
IL_4667770,AKIEC,1
IL_4668896,BCC,4
IL_4674217,BCC,1
IL_4676732,BKL,1
IL_4677643,BCC,3
IL_4681416,BKL,4
IL_4682243,BCC,1
IL_4682786,BCC,1
IL_4686156,VASC,1
IL_4686561,BCC,0
IL_4686563,BKL,0
IL_4687032,BCC,3
IL_4688122,BCC,1
IL_4689062,NV,0
IL_4689658,BKL,1
IL_4692190,BCC,1
IL_4692859,BCC,4
IL_4693876,NV,0
IL_4696609,NV,1
IL_4700992,AKIEC,3
IL_4701281,NV,1
IL_4702219,MEL,0
IL_4703857,BCC,1
IL_4705970,BCC,3
IL_4706482,SCCKA,0
IL_4706609,BCC,0
IL_4708649,BCC,1
IL_4708897,BCC,0
IL_4711220,BCC,4
IL_4713878,BCC,3
IL_4713984,BCC,2
IL_4715886,BCC,2
IL_4720043,MEL,1
IL_4721897,BKL,2
IL_4726113,BCC,4
IL_4729044,BCC,1
IL_4730511,SCCKA,3
IL_4732001,BCC,2
IL_4732392,NV,0
IL_4734157,NV,4
IL_4737161,NV,4
IL_4739106,NV,1
IL_4740973,BCC,2
IL_4742005,NV,2
IL_4742371,AKIEC,3
IL_4744956,BCC,2
IL_4745332,BKL,0
IL_4747873,BCC,4
IL_4748724,NV,1
IL_4749815,BCC,2
IL_4752808,NV,1
IL_4755561,NV,1
IL_4756008,NV,1
IL_4756985,BCC,0
IL_4757654,BCC,3
IL_4765483,BCC,4
IL_4768081,SCCKA,2
IL_4768101,MEL,3
IL_4769652,MEL,2
IL_4777060,BCC,3
IL_4777292,BCC,2
IL_4779406,BCC,2
IL_4781564,BCC,4
IL_4781957,BKL,1
IL_4782455,BCC,2
IL_4783389,NV,3
IL_4785654,SCCKA,3
IL_4790851,AKIEC,3
IL_4790856,BCC,4
IL_4791300,MEL,1
IL_4793144,BCC,4
IL_4794803,BCC,2
IL_4794810,VASC,2
IL_4796364,NV,0
IL_4797529,MEL,3
IL_4799699,BCC,4
IL_4805155,NV,4
IL_4807547,NV,3
IL_4811840,NV,1
IL_4820678,BCC,1
IL_4826188,BCC,2
IL_4826540,MEL,2
IL_4829953,MEL,0
IL_4831805,AKIEC,4
IL_4831820,BCC,0
IL_4836988,BKL,3
IL_4840616,BCC,3
IL_4843671,BCC,1
IL_4845726,NV,1
IL_4846711,BCC,0
IL_4850244,BKL,0
IL_4851899,BCC,3
IL_4855362,BCC,0
IL_4859136,BCC,4
IL_4860977,BCC,3
IL_4862804,BCC,2
IL_4864360,BKL,2
IL_4865091,SCCKA,1
IL_4865412,BCC,2
IL_4865476,BCC,3
IL_4866547,BCC,3
IL_4873661,BCC,2
IL_4876348,SCCKA,1
IL_4877466,SCCKA,2
IL_4877851,NV,0
IL_4878872,BCC,3
IL_4879844,MEL,0
IL_4879979,BCC,1
IL_4885447,SCCKA,4
IL_4885468,BKL,1
IL_4889652,SCCKA,2
IL_4891045,BCC,0
IL_4893133,AKIEC,1
IL_4896057,BCC,4
IL_4896653,BKL,2
IL_4900947,NV,4
IL_4902054,NV,3
IL_4906380,NV,1
IL_4907068,BCC,4
IL_4908746,NV,2
IL_4910941,BCC,0
IL_4912599,BKL,4
IL_4913494,BKL,2
IL_4915853,BKL,1
IL_4918167,INF,1
IL_4918224,BKL,1
IL_4918267,BCC,4
IL_4918829,BCC,2
IL_4921939,BCC,2
IL_4922531,MEL,1
IL_4923894,SCCKA,3
IL_4924328,BCC,4
IL_4924418,MEL,0
IL_4924937,BCC,3
IL_4926064,BCC,0
IL_4928087,MEL,4
IL_4929209,BKL,1
IL_4930300,AKIEC,2
IL_4932041,BKL,1
IL_4933639,NV,3
IL_4935391,BCC,1
IL_4935428,AKIEC,2
IL_4935595,NV,2
IL_4939300,MAL_OTH,1
IL_4941375,BCC,2
IL_4954108,NV,4
IL_4962584,NV,1
IL_4966664,BKL,3
IL_4966726,BCC,3
IL_4968096,BCC,2
IL_4970478,BCC,3
IL_4970888,BCC,1
IL_4974594,DF,0
IL_4975498,BKL,4
IL_4976689,SCCKA,4
IL_4978975,BCC,1
IL_4980476,MEL,1
IL_4980743,BCC,4
IL_4986261,AKIEC,3
IL_4987337,BCC,2
IL_4987655,MEL,0
IL_4988250,BCC,3
IL_4990180,BCC,2
IL_4991400,BCC,0
IL_4992123,BCC,2
IL_4996193,SCCKA,3
IL_4997932,BCC,2
IL_5002382,MEL,1
IL_5008733,BCC,1
IL_5009030,NV,0
IL_5010789,AKIEC,3
IL_5010876,AKIEC,3
IL_5011583,BCC,1
IL_5012035,MEL,1
IL_5014873,SCCKA,4
IL_5016629,MEL,3
IL_5017325,BCC,3
IL_5017346,INF,3
IL_5019289,BCC,2
IL_5022797,NV,3
IL_5023109,BCC,3
IL_5026579,SCCKA,0
IL_5033079,SCCKA,0
IL_5033340,NV,2
IL_5034134,BCC,1
IL_5037450,BCC,4
IL_5037876,BCC,1
IL_5040645,BCC,1
IL_5040782,BKL,0
IL_5042712,BCC,0
IL_5042864,NV,1
IL_5044233,VASC,1
IL_5045775,VASC,0
IL_5046857,BCC,4
IL_5052158,BCC,3
IL_5055807,BCC,4
IL_5058360,NV,1
IL_5060375,BCC,0
IL_5063173,MEL,0
IL_5064276,MEL,3
IL_5066256,BKL,0
IL_5066436,BKL,2
IL_5069726,BCC,1
IL_5071813,BKL,4
IL_5073574,BCC,3
IL_5074054,BKL,2
IL_5076594,BCC,0
IL_5076804,BCC,2
IL_5076960,BCC,3
IL_5076963,BCC,1
IL_5078646,SCCKA,0
IL_5078787,BCC,2
IL_5083460,SCCKA,0
IL_5084556,SCCKA,3
IL_5087037,AKIEC,3
IL_5091449,NV,0
IL_5091814,BCC,2
IL_5092028,AKIEC,0
IL_5099226,NV,2
IL_5100758,MEL,0
IL_5101024,MEL,1
IL_5104216,INF,1
IL_5108044,BCC,3
IL_5108772,AKIEC,1
IL_5109788,BKL,4
IL_5110941,BCC,2
IL_5111144,BCC,4
IL_5111323,MEL,0
IL_5111360,BCC,0
IL_5112545,BCC,3
IL_5113202,BCC,4
IL_5114359,SCCKA,0
IL_5114934,AKIEC,3
IL_5118297,BCC,3
IL_5118917,BCC,4
IL_5120662,BCC,2
IL_5122434,BCC,1
IL_5124334,BCC,2
IL_5129613,BCC,4
IL_5131456,BCC,0
IL_5133299,MEL,2
IL_5136335,INF,2
IL_5137541,BCC,2
IL_5140022,BCC,3
IL_5147950,BCC,0
IL_5149230,BCC,2
IL_5152283,BCC,3
IL_5153554,BCC,0
IL_5154479,BCC,1
IL_5154622,NV,3
IL_5154725,BCC,1
IL_5156328,BCC,3
IL_5157227,MEL,0
IL_5157883,NV,2
IL_5158358,BCC,2
IL_5160108,BCC,2
IL_5160157,BCC,1
IL_5161470,NV,4
IL_5162996,BCC,3
IL_5163044,AKIEC,4
IL_5163548,NV,2
IL_5167045,BCC,4
IL_5173093,BCC,0
IL_5173461,BCC,1
IL_5175125,BCC,2
IL_5179568,BKL,4
IL_5181041,NV,2
IL_5181859,SCCKA,2
IL_5186069,BCC,3
IL_5186101,NV,2
IL_5187517,SCCKA,2
IL_5187554,BCC,1
IL_5187817,BCC,4
IL_5188530,SCCKA,3
IL_5189473,BKL,3
IL_5190686,SCCKA,3
IL_5192091,BCC,1
IL_5193790,BCC,4
IL_5197264,BCC,2
IL_5200526,SCCKA,0
IL_5206123,SCCKA,1
IL_5207680,MEL,2
IL_5208753,BCC,1
IL_5209978,BCC,2
IL_5210495,BCC,3
IL_5214298,SCCKA,2
IL_5215495,BCC,4
IL_5217084,AKIEC,3
IL_5220758,BCC,4
IL_5222228,NV,4
IL_5225179,BCC,2
IL_5226953,NV,1
IL_5235613,SCCKA,1
IL_5236247,BKL,1
IL_5236713,BCC,4
IL_5236788,BKL,1
IL_5240464,BKL,3
IL_5241211,NV,4
IL_5245045,BCC,3
IL_5245284,BCC,1
IL_5246616,BCC,2
IL_5247535,BKL,3
IL_5251059,MEL,1
IL_5252859,AKIEC,4
IL_5254540,BCC,1
IL_5255150,BCC,3
IL_5259261,BCC,2
IL_5260419,SCCKA,1
IL_5262456,BCC,1
IL_5263017,NV,4
IL_5263349,BKL,1
IL_5264196,NV,4
IL_5264589,BKL,0
IL_5267029,MEL,4
IL_5267553,BCC,0
IL_5270623,BCC,4
IL_5271098,BCC,1
IL_5275481,BCC,4
IL_5277134,MEL,3
IL_5277754,BCC,3
IL_5278264,BKL,3
IL_5281501,BCC,0
IL_5283078,BCC,1
IL_5283684,BCC,0
IL_5283956,BCC,0
IL_5285305,SCCKA,0
IL_5285603,VASC,3
IL_5287694,BCC,1
IL_5287926,NV,2
IL_5289239,SCCKA,4
IL_5293525,NV,0
IL_5299543,DF,2
IL_5301199,BKL,0
IL_5302007,AKIEC,1
IL_5304581,NV,3
IL_5304698,BCC,4
IL_5310086,MEL,3
IL_5310098,BCC,1
IL_5310300,NV,4
IL_5310317,BCC,1
IL_5310552,NV,3
IL_5310899,BKL,4
IL_5311399,BCC,0
IL_5311441,DF,3
IL_5311950,NV,0
IL_5314103,SCCKA,0
IL_5315129,BKL,3
IL_5321366,NV,3
IL_5324666,BCC,0
IL_5324698,BKL,3
IL_5328329,BCC,0
IL_5328388,BCC,0
IL_5328451,MEL,1
IL_5331190,BKL,0
IL_5333822,MEL,1
IL_5334978,SCCKA,1
IL_5337254,BCC,0
IL_5340506,BCC,3
IL_5344471,BCC,2
IL_5345860,BCC,2
IL_5349744,BCC,3
IL_5352548,BCC,2
IL_5356677,SCCKA,3
IL_5357233,BCC,4
IL_5358178,BKL,3
IL_5358454,NV,0
IL_5358765,BCC,2
IL_5359337,BCC,4
IL_5359653,BCC,3
IL_5361790,NV,0
IL_5361912,BCC,4
IL_5363044,VASC,4
IL_5363058,NV,0
IL_5364127,BKL,1
IL_5365301,BCC,3
IL_5366190,MEL,4
IL_5368559,BCC,4
IL_5369308,BKL,4
IL_5372294,BCC,3
IL_5375403,BKL,2
IL_5375420,INF,0
IL_5375846,SCCKA,4
IL_5378051,BKL,2
IL_5379548,BCC,3
IL_5384329,BCC,0
IL_5384456,BCC,0
IL_5386138,BCC,3
IL_5390577,BCC,2
IL_5391929,BCC,1
IL_5394368,BCC,3
IL_5396627,MEL,3
IL_5397664,BCC,3
IL_5399357,BKL,0
IL_5400506,NV,0
IL_5407088,BCC,4
IL_5411298,BCC,0
IL_5415624,MEL,0
IL_5416210,SCCKA,3
IL_5416595,NV,3
IL_5417384,BCC,4
IL_5417601,BCC,1
IL_5418242,MEL,1
IL_5419004,SCCKA,0
IL_5420018,BCC,3
IL_5421067,BCC,0
IL_5422211,BCC,3
IL_5423351,BKL,1
IL_5424289,BCC,2
IL_5425005,BCC,3
IL_5425299,BCC,3
IL_5428676,NV,3
IL_5429877,BCC,2
IL_5434909,BCC,0
IL_5436207,BCC,4
IL_5437959,VASC,3
IL_5438158,NV,3
IL_5438897,BCC,1
IL_5439022,NV,4
IL_5441408,BCC,3
IL_5444067,SCCKA,0
IL_5448170,SCCKA,2
IL_5451589,SCCKA,4
IL_5455457,NV,1
IL_5458528,VASC,4
IL_5466158,BCC,3
IL_5466304,BCC,1
IL_5468213,BKL,0
IL_5469172,BCC,2
IL_5470919,MEL,2
IL_5472522,BKL,3
IL_5473127,INF,4
IL_5476058,BKL,2
IL_5478972,NV,3
IL_5482289,DF,0
IL_5482346,BCC,1
IL_5489225,BCC,1
IL_5490327,BCC,0
IL_5490605,SCCKA,4
IL_5492781,BCC,2
IL_5493547,SCCKA,2
IL_5496114,MEL,3
IL_5499388,BCC,4
IL_5504349,BCC,0
IL_5504376,NV,2
IL_5507611,BCC,0
IL_5508020,BCC,3
IL_5512123,BCC,2
IL_5513291,BKL,3
IL_5518223,BCC,1
IL_5518573,BKL,0
IL_5519397,BCC,0
IL_5526388,AKIEC,2
IL_5526869,BCC,2
IL_5527928,MEL,2
IL_5529051,AKIEC,4
IL_5529544,BCC,1
IL_5533204,BCC,1
IL_5534064,NV,4
IL_5534472,BCC,3
IL_5535772,BCC,0
IL_5543989,BCC,3
IL_5545955,SCCKA,4
IL_5550587,NV,3
IL_5550773,AKIEC,0
IL_5551611,BCC,2
IL_5553029,BCC,0
IL_5554236,BKL,4
IL_5555237,BCC,1
IL_5555860,BCC,2
IL_5557985,NV,4
IL_5560445,BCC,3
IL_5561688,AKIEC,3
IL_5562402,BCC,0
IL_5563241,BCC,0
IL_5564093,BCC,3
IL_5566169,NV,0
IL_5568661,BCC,2
IL_5569419,BKL,2
IL_5569670,BCC,1
IL_5570821,SCCKA,2
IL_5571355,MEL,2
IL_5572380,BCC,1
IL_5572496,NV,4
IL_5574857,NV,2
IL_5574879,SCCKA,4
IL_5575063,BKL,0
IL_5575734,MEL,1
IL_5576259,BCC,2
IL_5576993,NV,3
IL_5577465,NV,0
IL_5577667,AKIEC,3
IL_5579945,BCC,0
IL_5580548,SCCKA,3
IL_5584867,SCCKA,2
IL_5587633,BCC,3
IL_5588135,BKL,0
IL_5590437,BCC,3
IL_5590663,BCC,1
IL_5592337,AKIEC,2
IL_5600470,BKL,1
IL_5601227,BCC,3
IL_5601775,BCC,4
IL_5604150,SCCKA,4
IL_5604764,BCC,3
IL_5606298,BKL,2
IL_5607525,BCC,4
IL_5607786,MEL,0
IL_5607912,NV,1
IL_5608215,MEL,3
IL_5610769,SCCKA,2
IL_5611087,SCCKA,0
IL_5612108,BCC,4
IL_5614486,BCC,2
IL_5619918,BCC,3
IL_5620268,BCC,4
IL_5621754,BKL,3
IL_5623343,BEN_OTH,2
IL_5625000,BCC,3
IL_5625816,BKL,0
IL_5627565,BCC,3
IL_5631172,DF,0
IL_5631575,BKL,1
IL_5645205,SCCKA,1
IL_5655244,NV,4
IL_5655863,BCC,3
IL_5657022,BCC,4
IL_5661640,BCC,4
IL_5666618,MEL,0
IL_5670003,BCC,1
IL_5672522,BCC,4
IL_5673593,MEL,2
IL_5675707,NV,1
IL_5675796,BKL,2
IL_5675821,NV,4
IL_5676990,BCC,0
IL_5684831,BCC,4
IL_5690254,BCC,4
IL_5691160,BCC,2
IL_5691794,BCC,0
IL_5693413,MEL,2
IL_5696181,NV,4
IL_5697539,AKIEC,0
IL_5698688,BCC,3
IL_5699716,BKL,3
IL_5700109,SCCKA,3
IL_5703544,NV,2
IL_5704362,AKIEC,3
IL_5708642,SCCKA,4
IL_5708693,BCC,3
IL_5709126,BCC,0
IL_5709842,NV,3
IL_5720105,MEL,4
IL_5722759,BCC,4
IL_5725663,SCCKA,2
IL_5725802,NV,1
IL_5727849,BCC,1
IL_5730089,BCC,4
IL_5732372,BCC,0
IL_5733908,MEL,4
IL_5738134,BCC,4
IL_5744385,BKL,2
IL_5747064,BKL,4
IL_5747539,BCC,3
IL_5749341,NV,1
IL_5750100,BCC,2
IL_5750110,NV,3
IL_5752488,AKIEC,3
IL_5753278,BCC,1
IL_5755884,BKL,2
IL_5759496,AKIEC,2
IL_5762747,BCC,1
IL_5764596,BCC,1
IL_5764702,BCC,0
IL_5765069,BCC,1
IL_5766424,NV,4
IL_5766426,MEL,0
IL_5766493,BCC,3
IL_5767308,BKL,0
IL_5767772,SCCKA,1
IL_5768412,NV,3
IL_5769609,BCC,1
IL_5770532,NV,2
IL_5770748,BCC,1
IL_5771256,BCC,4
IL_5775257,SCCKA,1
IL_5779680,BCC,2
IL_5780868,BCC,4
IL_5780931,NV,2
IL_5782288,AKIEC,0
IL_5784432,BCC,3
IL_5787945,INF,3
IL_5790103,BCC,1
IL_5790573,NV,1
IL_5793339,BCC,2
IL_5795574,AKIEC,4
IL_5795869,MEL,0
IL_5797500,NV,4
IL_5797843,BCC,1
IL_5798814,NV,3
IL_5799605,BCC,2
IL_5802153,AKIEC,3
IL_5802470,BCC,3
IL_5805980,BCC,2
IL_5809538,MEL,3
IL_5809749,BCC,3
IL_5811280,BCC,2
IL_5812139,MEL,1
IL_5814206,BCC,2
IL_5816331,NV,0
IL_5816419,NV,2
IL_5818163,AKIEC,0
IL_5818168,BCC,3
IL_5818628,BCC,4
IL_5821357,BKL,4
IL_5823414,BKL,1
IL_5825636,BCC,4
IL_5827394,SCCKA,4
IL_5827688,BKL,4
IL_5829281,BCC,0
IL_5830387,NV,4
IL_5831054,BKL,2
IL_5832073,BKL,0
IL_5832874,SCCKA,2
IL_5833308,NV,0
IL_5834228,BCC,1
IL_5834999,AKIEC,1
IL_5835237,BCC,4
IL_5835931,BCC,2
IL_5836381,BCC,1
IL_5839734,SCCKA,1
IL_5842148,NV,2
IL_5842745,AKIEC,0
IL_5844694,BCC,0
IL_5844745,MEL,1
IL_5846759,BCC,1
IL_5846889,BCC,1
IL_5848004,NV,1
IL_5848162,SCCKA,3
IL_5849837,SCCKA,2
IL_5853973,BCC,1
IL_5857209,NV,1
IL_5857700,SCCKA,2
IL_5858083,BCC,4
IL_5858516,BCC,1
IL_5858663,AKIEC,2
IL_5865217,BCC,2
IL_5866168,MEL,1
IL_5867572,BCC,4
IL_5870575,BCC,0
IL_5873826,NV,3
IL_5874088,BCC,0
IL_5879862,MEL,3
IL_5880006,SCCKA,1
IL_5880830,BCC,4
IL_5882272,SCCKA,1
IL_5882687,BCC,4
IL_5885697,BKL,4
IL_5890338,BCC,4
IL_5890474,BCC,3
IL_5895681,MEL,3
IL_5896465,SCCKA,3
IL_5897108,BCC,2
IL_5900922,NV,3
IL_5901848,BCC,0
IL_5903951,BCC,1
IL_5909950,VASC,3
IL_5910352,BCC,2
IL_5911154,BCC,3
IL_5914745,BCC,1
IL_5915659,AKIEC,0
IL_5916541,MEL,0
IL_5917369,BCC,4
IL_5917999,NV,3
IL_5922300,BCC,0
IL_5922871,BCC,4
IL_5924727,BKL,1
IL_5926277,BCC,4
IL_5928623,BKL,1
IL_5930295,BCC,3
IL_5930437,NV,2
IL_5931575,BCC,2
IL_5938594,BCC,1
IL_5940346,BCC,1
IL_5941345,BCC,4
IL_5941947,MEL,1
IL_5945185,MEL,1
IL_5945369,BCC,2
IL_5945948,SCCKA,0
IL_5946581,BCC,0
IL_5947209,BCC,1
IL_5950762,SCCKA,1
IL_5952880,NV,1
IL_5953610,BKL,3
IL_5954640,BKL,4
IL_5954989,SCCKA,2
IL_5959411,BCC,0
IL_5959833,BCC,4
IL_5960278,BCC,2
IL_5961668,NV,1
IL_5963960,BCC,2
IL_5970079,SCCKA,0
IL_5974480,BCC,4
IL_5975500,SCCKA,2
IL_5979205,NV,3
IL_5979940,BCC,0
IL_5982008,BCC,1
IL_5985854,BCC,0
IL_5987346,BCC,3
IL_5992819,BKL,2
IL_5993994,BCC,3
IL_5996475,MEL,3
IL_5997841,BCC,2
IL_6003342,BKL,4
IL_6003876,BCC,3
IL_6004102,MEL,0
IL_6004651,BCC,4
IL_6004998,INF,2
IL_6005068,BCC,1
IL_6007354,BKL,3
IL_6007498,BCC,1
IL_6007909,BKL,0
IL_6008739,BCC,1
IL_6010748,BCC,0
IL_6011265,BCC,2
IL_6014318,BCC,0
IL_6016722,BCC,1
IL_6017753,BKL,1
IL_6019192,MEL,4
IL_6019983,VASC,2
IL_6021116,BCC,4
IL_6021149,BCC,3
IL_6022474,BKL,2
IL_6024093,BCC,4
IL_6029935,SCCKA,3
IL_6031338,BCC,2
IL_6032106,BCC,3
IL_6033161,BCC,1
IL_6033617,AKIEC,1
IL_6035276,BCC,0
IL_6035719,BCC,0
IL_6037073,BCC,1
IL_6037224,BCC,4
IL_6040163,BKL,1
IL_6040962,AKIEC,3
IL_6049551,BCC,0
IL_6050524,BCC,4
IL_6052093,MEL,0
IL_6052166,SCCKA,3
IL_6052286,BKL,3
IL_6055895,BCC,4
IL_6060589,BCC,2
IL_6064590,BCC,1
IL_6066269,BKL,2
IL_6066960,SCCKA,1
IL_6069436,AKIEC,4
IL_6071484,SCCKA,3
IL_6077697,BKL,1
IL_6079301,BKL,0
IL_6083019,BKL,3
IL_6084143,NV,1
IL_6084278,MEL,1
IL_6093082,BCC,2
IL_6097327,SCCKA,0
IL_6106772,NV,0
IL_6106939,NV,4
IL_6107862,BCC,0
IL_6110349,BCC,1
IL_6111577,INF,4
IL_6113276,BCC,4
IL_6113513,NV,4
IL_6114071,NV,0
IL_6116581,BKL,3
IL_6117786,MEL,0
IL_6118153,NV,0
IL_6119017,NV,4
IL_6119395,BCC,3
IL_6122240,MEL,2
IL_6122367,BCC,4
IL_6122545,BCC,1
IL_6124707,BCC,4
IL_6128899,BCC,1
IL_6130939,BCC,2
IL_6135781,BCC,3
IL_6138895,BCC,1
IL_6140435,NV,4
IL_6140490,BKL,1
IL_6140598,MEL,4
IL_6144791,BCC,4
IL_6145906,BCC,0
IL_6152356,AKIEC,3
IL_6155109,BCC,4
IL_6156024,BCC,3
IL_6156028,AKIEC,1
IL_6156218,MEL,1
IL_6157145,BKL,3
IL_6157521,BKL,1
IL_6157998,BCC,0
IL_6161419,BCC,1
IL_6163368,BKL,2
IL_6166867,SCCKA,3
IL_6169727,SCCKA,2
IL_6169733,BCC,1
IL_6169734,SCCKA,2
IL_6170194,BCC,2
IL_6172184,AKIEC,0
IL_6176161,BCC,0
IL_6178941,NV,3
IL_6179190,BCC,0
IL_6181794,BCC,0
IL_6182849,BCC,4
IL_6185483,BCC,4
IL_6186086,BCC,0
IL_6188972,BCC,3
IL_6190273,MEL,3
IL_6192656,BCC,3
IL_6192920,BCC,4
IL_6193516,BCC,2
IL_6193857,AKIEC,1
IL_6194887,BCC,4
IL_6195057,BCC,4
IL_6197231,BCC,4
IL_6201256,BCC,1
IL_6204310,AKIEC,1
IL_6213256,BKL,2
IL_6215945,BCC,2
IL_6216018,BCC,3
IL_6217582,SCCKA,3
IL_6219839,BCC,0
IL_6220664,MEL,4
IL_6222346,BKL,0
IL_6226671,BCC,4
IL_6226782,BCC,4
IL_6228849,BCC,2
IL_6230080,VASC,4
IL_6234937,BCC,1
IL_6236280,BKL,0
IL_6238861,BKL,2
IL_6242264,BKL,4
IL_6242822,BCC,4
IL_6244969,BCC,2
IL_6246530,BCC,4
IL_6246713,BCC,1
IL_6247210,BKL,1
IL_6248025,BKL,3
IL_6248388,INF,4
IL_6249500,BCC,3
IL_6256539,MEL,0
IL_6258270,BCC,4
IL_6259017,BCC,0
IL_6259285,BKL,1
IL_6261131,BCC,0
IL_6267051,MEL,1
IL_6267520,BCC,3
IL_6281110,BCC,4
IL_6289320,SCCKA,3
IL_6291533,MEL,4
IL_6292784,MEL,4
IL_6294894,NV,3
IL_6295133,BCC,2
IL_6296094,BCC,2
IL_6296169,BCC,1
IL_6296418,BCC,1
IL_6297949,BCC,3
IL_6305050,NV,1
IL_6305058,BCC,0
IL_6309287,SCCKA,1
IL_6312723,BCC,2
IL_6312892,BCC,0
IL_6313730,BCC,4
IL_6314670,NV,1
IL_6316014,NV,4
IL_6316913,BCC,0
IL_6317075,BCC,1
IL_6322114,BCC,0
IL_6322271,NV,1
IL_6332213,BCC,0
IL_6335975,BCC,4
IL_6336481,SCCKA,2
IL_6336605,AKIEC,4
IL_6337790,BKL,1
IL_6338408,BCC,1
IL_6342379,BCC,1
IL_6344914,NV,3
IL_6346184,BCC,0
IL_6346442,BCC,1
IL_6347465,BKL,2
IL_6348689,SCCKA,3
IL_6352600,BCC,4
IL_6352685,BCC,0
IL_6356620,BCC,3
IL_6356650,BCC,0
IL_6359555,NV,2
IL_6361071,BKL,4
IL_6361201,BKL,0
IL_6362018,BCC,1
IL_6362579,SCCKA,1
IL_6365127,BKL,2
IL_6365837,BCC,3
IL_6367899,MEL,0
IL_6368595,BKL,4
IL_6369359,MEL,3
IL_6369658,BCC,4
IL_6370707,BKL,2
IL_6370742,BCC,1
IL_6372731,SCCKA,2
IL_6372832,AKIEC,2
IL_6374062,MEL,1
IL_6380251,NV,0
IL_6381274,BCC,0
IL_6383449,NV,4
IL_6384102,BKL,0
IL_6384302,BCC,0
IL_6386977,MEL,1
IL_6389219,AKIEC,0
IL_6390381,AKIEC,3
IL_6393566,VASC,4
IL_6393751,NV,0
IL_6393969,NV,3
IL_6398771,BCC,1
IL_6408457,BCC,0
IL_6410644,NV,4
IL_6412076,BCC,1
IL_6413155,AKIEC,1
IL_6413460,BCC,4
IL_6418149,BCC,4
IL_6419934,MEL,1
IL_6420001,BCC,2
IL_6421981,BCC,0
IL_6425993,NV,3
IL_6427122,MEL,2
IL_6427457,BCC,2
IL_6427581,BCC,4
IL_6430052,BCC,2
IL_6430136,NV,4
IL_6431723,NV,0
IL_6434551,BCC,4
IL_6439153,BCC,4
IL_6440740,SCCKA,1
IL_6441506,MEL,2
IL_6442141,BCC,1
IL_6442521,BCC,1
IL_6446380,NV,2
IL_6448360,NV,0
IL_6449615,INF,4
IL_6450698,BCC,0
IL_6451411,BCC,3
IL_6452981,BCC,1
IL_6455280,BCC,1
IL_6455878,BCC,0
IL_6458200,BCC,3
IL_6462004,SCCKA,2
IL_6464483,BKL,3
IL_6466353,BKL,3
IL_6475801,BCC,3
IL_6477197,BCC,1
IL_6478777,BCC,0
IL_6480274,BCC,3
IL_6480673,NV,3
IL_6481065,NV,0
IL_6481233,BKL,2
IL_6481274,BCC,0
IL_6481536,NV,4
IL_6484840,BCC,2
IL_6491562,BCC,0
IL_6491893,BCC,2
IL_6493670,NV,1
IL_6497290,BKL,4
IL_6498121,BCC,1
IL_6498340,BCC,1
IL_6498417,BCC,0
IL_6499920,BCC,2
IL_6502253,BCC,1
IL_6502535,BKL,4
IL_6503105,MEL,2
IL_6505724,BCC,0
IL_6506756,NV,2
IL_6507305,BCC,1
IL_6509109,BCC,4
IL_6511492,MEL,4
IL_6512054,BKL,1
IL_6514387,NV,1
IL_6518522,BCC,2
IL_6520783,BCC,3
IL_6525739,BCC,4
IL_6527343,MEL,4
IL_6527542,BCC,3
IL_6528074,BCC,3
IL_6528772,NV,3
IL_6532631,BCC,1
IL_6536248,BCC,2
IL_6546506,SCCKA,0
IL_6550099,NV,1
IL_6550593,BCC,4
IL_6552664,MEL,2
IL_6552855,BCC,3
IL_6555203,AKIEC,0
IL_6555655,BCC,3
IL_6556593,BCC,3
IL_6558411,BKL,4
IL_6559871,BCC,0
IL_6560903,BCC,1
IL_6575450,AKIEC,0
IL_6578198,BCC,3
IL_6580318,BKL,4
IL_6581276,MEL,2
IL_6582258,SCCKA,3
IL_6583801,BKL,3
IL_6585247,BCC,4
IL_6586182,BCC,4
IL_6587096,MEL,0
IL_6588313,BCC,3
IL_6591521,BCC,0
IL_6591567,BCC,2
IL_6592756,BCC,2
IL_6592976,BCC,3
IL_6594915,MEL,3
IL_6595342,NV,2
IL_6598167,MAL_OTH,2
IL_6599749,NV,2
IL_6600785,SCCKA,0
IL_6605794,BCC,1
IL_6606069,BCC,3
IL_6607350,NV,0
IL_6607832,MEL,0
IL_6609864,NV,1
IL_6613281,BCC,1
IL_6613514,NV,3
IL_6615985,BCC,0
IL_6616097,MEL,1
IL_6616661,BCC,3
IL_6617592,MEL,3
IL_6618073,NV,2
IL_6622231,NV,4
IL_6622693,MEL,0
IL_6627876,BCC,1
IL_6629928,NV,2
IL_6632725,MEL,2
IL_6634369,BCC,4
IL_6635942,BCC,3
IL_6636674,AKIEC,2
IL_6638180,BCC,1
IL_6638218,BCC,3
IL_6639439,BCC,2
IL_6639519,BCC,4
IL_6646437,BCC,0
IL_6647524,BCC,4
IL_6647837,BCC,2
IL_6649542,BCC,0
IL_6650596,BCC,3
IL_6653244,NV,1
IL_6654419,AKIEC,2
IL_6654739,BKL,3
IL_6655417,NV,3
IL_6657702,MEL,4
IL_6658554,BKL,3
IL_6659828,MEL,0
IL_6660320,INF,2
IL_6660376,MEL,1
IL_6662747,BKL,4
IL_6665105,AKIEC,0
IL_6665809,AKIEC,1
IL_6673700,NV,1
IL_6676284,AKIEC,2
IL_6677545,BCC,0
IL_6677993,NV,2
IL_6679773,BCC,2
IL_6680109,BCC,4
IL_6681910,BCC,0
IL_6684084,BKL,4
IL_6684225,BCC,2
IL_6686200,BCC,4
IL_6687584,SCCKA,0
IL_6687595,AKIEC,4
IL_6690716,BKL,2
IL_6691534,BCC,0
IL_6691831,BCC,1
IL_6692380,AKIEC,4
IL_6693472,MEL,2
IL_6695406,MEL,3
IL_6695946,BEN_OTH,4
IL_6705491,MEL,2
IL_6706303,AKIEC,4
IL_6710445,BCC,1
IL_6711797,BCC,3
IL_6717785,NV,2
IL_6718051,BCC,2
IL_6719325,BCC,0
IL_6727928,AKIEC,1
IL_6728054,MEL,0
IL_6731689,BKL,4
IL_6731781,NV,1
IL_6732051,BCC,2
IL_6733818,BCC,4
IL_6738007,BCC,4
IL_6741185,MEL,4
IL_6743301,BCC,4
IL_6751385,SCCKA,4
IL_6752385,NV,1
IL_6753634,SCCKA,4
IL_6755192,BCC,3
IL_6762452,BCC,0
IL_6764559,SCCKA,1
IL_6765370,BCC,3
IL_6767086,BCC,4
IL_6767312,BCC,4
IL_6768350,BCC,1
IL_6770376,SCCKA,1
IL_6777208,AKIEC,1
IL_6780614,BCC,3
IL_6780891,BCC,4
IL_6781250,BKL,4
IL_6783043,BCC,4
IL_6783933,BCC,3
IL_6784777,BCC,0
IL_6787106,BKL,2
IL_6788244,BCC,1
IL_6790433,BCC,3
IL_6793597,BCC,3
IL_6800675,BCC,2
IL_6802570,BCC,2
IL_6802806,BCC,3
IL_6803383,BCC,2
IL_6806231,NV,3
IL_6806894,BEN_OTH,3
IL_6812104,BCC,4
IL_6812828,BKL,2
IL_6816104,BCC,3
IL_6816811,BCC,1
IL_6816964,BCC,0
IL_6820116,BCC,4
IL_6820172,NV,4
IL_6825163,BKL,0
IL_6826946,BCC,2
IL_6827791,BCC,0
IL_6829628,VASC,2
IL_6831423,BKL,3
IL_6832488,BEN_OTH,0
IL_6833958,AKIEC,3
IL_6834280,BCC,0
IL_6834343,BCC,0
IL_6836295,BCC,1
IL_6836759,BCC,1
IL_6836938,NV,3
IL_6839518,BCC,0
IL_6841105,BCC,1
IL_6845657,BCC,0
IL_6847142,BCC,1
IL_6847557,NV,2
IL_6847653,BCC,4
IL_6849118,SCCKA,3
IL_6850540,BKL,0
IL_6852784,SCCKA,1
IL_6853458,BCC,3
IL_6853764,NV,0
IL_6860509,NV,1
IL_6862607,MEL,1
IL_6863139,BCC,1
IL_6865850,BKL,3
IL_6867211,BCC,0
IL_6868637,BCC,2
IL_6869608,NV,2
IL_6873122,BCC,1
IL_6877500,NV,2
IL_6877594,MEL,1
IL_6879944,BCC,2
IL_6881549,MEL,2
IL_6887782,MEL,0
IL_6888709,BCC,0
IL_6889294,NV,0
IL_6890613,BCC,3
IL_6891715,BCC,0
IL_6893390,BCC,4
IL_6893895,SCCKA,2
IL_6897591,BCC,0
IL_6900005,SCCKA,4
IL_6901137,NV,4
IL_6904251,MEL,2
IL_6907035,AKIEC,3
IL_6907846,BCC,0
IL_6910887,SCCKA,3
IL_6914353,BKL,4
IL_6916787,MEL,1
IL_6918825,BCC,2
IL_6920562,BCC,0
IL_6921234,SCCKA,4
IL_6921814,INF,1
IL_6922157,BCC,0
IL_6923101,BKL,1
IL_6926663,BKL,1
IL_6931875,BCC,2
IL_6934051,BCC,3
IL_6935621,BCC,4
IL_6938296,MEL,0
IL_6940421,BCC,1
IL_6942277,BCC,2
IL_6943395,BCC,3
IL_6943696,MEL,3
IL_6944538,BCC,3
IL_6946441,BCC,4
IL_6947198,BCC,0
IL_6947307,MEL,2
IL_6950082,BCC,1
IL_6950574,SCCKA,1
IL_6952283,BCC,0
IL_6953253,BKL,2
IL_6954282,BCC,1
IL_6955894,SCCKA,3
IL_6955950,BCC,3
IL_6960759,NV,1
IL_6962056,BCC,4
IL_6962518,BKL,2
IL_6962525,MEL,3
IL_6964615,SCCKA,3
IL_6967466,AKIEC,3
IL_6968028,BCC,2
IL_6970769,AKIEC,1
IL_6970839,BCC,1
IL_6971040,BCC,4
IL_6972994,BKL,2
IL_6975771,BKL,4
IL_6976997,BCC,1
IL_6980799,BCC,2
IL_6981677,BKL,3
IL_6982257,BKL,4
IL_6983089,BCC,3
IL_6985784,BCC,2
IL_6987623,SCCKA,4
IL_6994946,BCC,2
IL_6995611,BCC,4
IL_6995800,BCC,0
IL_7001999,BKL,0
IL_7002218,BCC,3
IL_7009317,BCC,0
IL_7010716,BCC,1
IL_7018812,NV,1
IL_7020464,BCC,3
IL_7021252,BCC,4
IL_7023343,BKL,1
IL_7023776,MEL,4
IL_7025715,BCC,0
IL_7034228,SCCKA,4
IL_7034758,BCC,3
IL_7037144,BCC,3
IL_7041328,BCC,0
IL_7047069,BCC,3
IL_7048697,DF,1
IL_7050947,BCC,3
IL_7052424,NV,0
IL_7059623,NV,1
IL_7060630,AKIEC,4
IL_7061463,BCC,2
IL_7062666,BCC,3
IL_7063855,BCC,1
IL_7064564,BCC,2
IL_7068236,BCC,4
IL_7070259,BCC,1
IL_7071169,AKIEC,2
IL_7072256,AKIEC,0
IL_7074375,BCC,0
IL_7075634,BEN_OTH,4
IL_7077656,BCC,0
IL_7084309,BCC,3
IL_7085147,NV,1
IL_7085786,BCC,0
IL_7092034,BCC,0
IL_7093777,NV,2
IL_7096412,BCC,2
IL_7099045,AKIEC,3
IL_7101016,BCC,0
IL_7103139,NV,4
IL_7103424,BCC,1
IL_7108184,BCC,0
IL_7110419,BCC,4
IL_7110951,BCC,3
IL_7113968,SCCKA,3
IL_7115746,BCC,4
IL_7117274,BCC,3
IL_7117904,BKL,0
IL_7119358,NV,4
IL_7124552,NV,4
IL_7126907,BCC,2
IL_7127568,BCC,0
IL_7130960,NV,0
IL_7131133,BCC,0
IL_7133935,NV,3
IL_7135513,BKL,0
IL_7136184,NV,3
IL_7136276,AKIEC,0
IL_7137624,SCCKA,0
IL_7140483,BCC,1
IL_7140493,BKL,2
IL_7141559,VASC,0
IL_7142205,NV,4
IL_7144691,BCC,1
IL_7145393,MEL,3
IL_7146228,BCC,0
IL_7147534,BCC,0
IL_7147688,AKIEC,0
IL_7148705,NV,1
IL_7148774,BCC,3
IL_7151010,BKL,4
IL_7154137,SCCKA,0
IL_7159942,NV,4
IL_7161164,NV,0
IL_7164412,SCCKA,4
IL_7165616,AKIEC,2
IL_7167860,INF,2
IL_7168178,BCC,4
IL_7168991,BCC,1
IL_7170892,BCC,1
IL_7173541,BKL,3
IL_7173573,NV,4
IL_7178513,BCC,2
IL_7181510,BCC,3
IL_7182568,BCC,1
IL_7183355,MEL,4
IL_7186549,BCC,4
IL_7193768,NV,2
IL_7197131,BCC,0
IL_7198144,BCC,0
IL_7199069,BCC,2
IL_7204368,BCC,0
IL_7206184,AKIEC,3
IL_7206391,BCC,3
IL_7208264,SCCKA,0
IL_7209123,BCC,1
IL_7210800,MEL,1
IL_7210952,BCC,2
IL_7212919,NV,3
IL_7213317,SCCKA,4
IL_7213774,BCC,3
IL_7215009,SCCKA,0
IL_7216182,BCC,0
IL_7216660,NV,2
IL_7217453,NV,1
IL_7219424,BCC,3
IL_7224392,BCC,1
IL_7227279,AKIEC,2
IL_7229080,BKL,2
IL_7230035,MEL,2
IL_7230788,DF,2
IL_7232316,BCC,1
IL_7232351,BCC,4
IL_7234452,NV,0
IL_7235681,AKIEC,0
IL_7237834,BCC,3
IL_7237859,NV,1
IL_7238711,BCC,4
IL_7239273,BCC,0
IL_7240190,BCC,0
IL_7240345,NV,3
IL_7242208,BCC,0
IL_7242669,NV,3
IL_7243389,NV,0
IL_7244140,NV,0
IL_7244270,BCC,1
IL_7251492,BCC,3
IL_7252139,BKL,1
IL_7253119,SCCKA,2
IL_7253924,BCC,3
IL_7257166,BCC,2
IL_7257549,BCC,1
IL_7263910,AKIEC,2
IL_7270407,BCC,2
IL_7273243,NV,2
IL_7274856,BKL,4
IL_7278606,BCC,4
IL_7281878,BCC,4
IL_7287548,BCC,4
IL_7288279,BCC,1
IL_7288845,BCC,4
IL_7289099,BKL,1
IL_7291887,BCC,1
IL_7292405,SCCKA,0
IL_7294235,BCC,0
IL_7294930,BCC,0
IL_7295306,BCC,4
IL_7296591,BCC,0
IL_7297013,MEL,0
IL_7304734,SCCKA,3
IL_7308703,NV,3
IL_7308979,BKL,0
IL_7309398,NV,0
IL_7319157,BCC,2
IL_7320172,MEL,4
IL_7327250,AKIEC,4
IL_7329436,BCC,3
IL_7331550,AKIEC,1
IL_7331633,INF,1
IL_7332620,BCC,0
IL_7333819,BCC,0
IL_7333978,MEL,1
IL_7335735,BCC,1
IL_7336042,BCC,0
IL_7336420,NV,1
IL_7336538,BCC,4
IL_7337481,BCC,3
IL_7337548,MEL,3
IL_7340279,SCCKA,3
IL_7340563,MAL_OTH,0
IL_7343687,MEL,4
IL_7344766,SCCKA,4
IL_7348200,BCC,4
IL_7348404,BCC,0
IL_7348450,BCC,3
IL_7350361,MEL,1
IL_7353062,BKL,4
IL_7356109,SCCKA,3
IL_7356292,BCC,0
IL_7358979,NV,4
IL_7360885,SCCKA,1
IL_7361065,BCC,4
IL_7361410,NV,0
IL_7361836,BCC,4
IL_7363229,BCC,4
IL_7363364,BCC,0
IL_7363444,BCC,2
IL_7363602,BCC,3
IL_7364791,BCC,1
IL_7366789,BKL,4
IL_7367397,BCC,3
IL_7368324,BCC,4
IL_7369841,MEL,0
IL_7372717,BKL,0
IL_7373612,BCC,0
IL_7376173,BKL,1
IL_7376850,BCC,0
IL_7377156,BCC,2
IL_7382399,NV,1
IL_7385795,INF,2
IL_7385851,AKIEC,0
IL_7387291,NV,2
IL_7389782,BCC,2
IL_7390451,BCC,3
IL_7394402,BCC,0
IL_7397211,SCCKA,2
IL_7397466,NV,0
IL_7397642,BCC,2
IL_7398845,BCC,4
IL_7400064,BKL,2
IL_7402046,SCCKA,0
IL_7402183,NV,2
IL_7402756,BCC,1
IL_7402808,BCC,3
IL_7406040,BCC,4
IL_7408764,BCC,2
IL_7416189,BCC,2
IL_7417538,MEL,0
IL_7418665,BCC,1
IL_7423062,BCC,3
IL_7424810,BCC,3
IL_7425145,BCC,3
IL_7426204,BCC,1
IL_7428104,BKL,3
IL_7431688,SCCKA,1
IL_7434637,BKL,0
IL_7437076,BCC,1
IL_7437846,BCC,0
IL_7438148,BCC,0
IL_7439441,NV,4
IL_7439967,BCC,4
IL_7440371,NV,2
IL_7443254,BCC,4
IL_7443834,BCC,0
IL_7444227,AKIEC,4
IL_7444377,BCC,3
IL_7447582,BCC,4
IL_7451238,BCC,1
IL_7451964,BCC,1
IL_7452533,BCC,1
IL_7453995,BCC,3
IL_7459473,BKL,2
IL_7462032,BCC,2
IL_7464523,SCCKA,0
IL_7464874,SCCKA,3
IL_7465840,BCC,0
IL_7466506,BCC,2
IL_7469546,NV,1
IL_7471218,SCCKA,4
IL_7471558,MEL,4
IL_7474908,BCC,1
IL_7478633,INF,4
IL_7478637,NV,2
IL_7480471,AKIEC,4
IL_7481126,MEL,0
IL_7483628,BCC,4
IL_7484711,BCC,0
IL_7487058,BCC,2
IL_7488705,MAL_OTH,1
IL_7490546,BCC,0
IL_7494236,BCC,0
IL_7496538,BCC,2
IL_7502626,BCC,0
IL_7502658,SCCKA,1
IL_7503105,BCC,3
IL_7504517,SCCKA,4
IL_7508882,NV,3
IL_7509121,BCC,4
IL_7510888,BCC,2
IL_7511780,BKL,3
IL_7514466,BCC,4
IL_7518108,BKL,0
IL_7520966,SCCKA,1
IL_7523112,BCC,4
IL_7523835,NV,1
IL_7525754,BCC,2
IL_7527529,NV,0
IL_7528128,DF,0
IL_7528709,BCC,2
IL_7532219,BCC,4
IL_7532764,BCC,3
IL_7533213,SCCKA,0
IL_7534180,BCC,0
IL_7534486,BCC,0
IL_7535294,NV,3
IL_7537645,NV,1
IL_7539443,BKL,1
IL_7540497,BCC,3
IL_7549554,BCC,1
IL_7550405,BCC,0
IL_7550838,BCC,1
IL_7552971,BCC,3
IL_7553488,NV,3
IL_7555285,BKL,1
IL_7560390,BKL,2
IL_7564566,BCC,0
IL_7565291,BCC,2
IL_7566377,AKIEC,1
IL_7570167,BCC,4
IL_7570811,BCC,3
IL_7571099,BCC,1
IL_7571308,BCC,1
IL_7573989,BCC,1
IL_7577530,NV,1
IL_7581043,BEN_OTH,0
IL_7582740,BCC,3
IL_7591530,BKL,3
IL_7594910,BCC,0
IL_7595050,BCC,3
IL_7601833,SCCKA,3
IL_7602134,BKL,0
IL_7602662,BCC,3
IL_7604860,BKL,1
IL_7610789,NV,3
IL_7611472,MEL,0
IL_7613691,BKL,4
IL_7616901,BCC,2
IL_7617195,AKIEC,2
IL_7619356,NV,3
IL_7619884,BKL,4
IL_7620308,NV,4
IL_7621728,MEL,3
IL_7625524,BCC,2
IL_7627214,BCC,1
IL_7627926,AKIEC,4
IL_7628990,AKIEC,3
IL_7629358,NV,4
IL_7631753,BCC,0
IL_7633169,BKL,2
IL_7635168,BCC,3
IL_7635257,MEL,1
IL_7636266,BCC,1
IL_7637408,BCC,0
IL_7639088,AKIEC,4
IL_7642375,VASC,3
IL_7642470,BCC,1
IL_7643316,MEL,1
IL_7643911,BCC,1
IL_7644986,BCC,1
IL_7647524,NV,4
IL_7648994,BCC,2
IL_7649992,BCC,2
IL_7650602,BCC,1
IL_7652961,BCC,4
IL_7653394,BCC,4
IL_7653541,BCC,4
IL_7653735,BCC,2
IL_7657501,BCC,2
IL_7657935,NV,3
IL_7660180,BCC,2
IL_7660724,BCC,0
IL_7663588,BCC,1
IL_7667503,BCC,2
IL_7669534,SCCKA,3
IL_7671160,NV,3
IL_7672692,BCC,4
IL_7675373,NV,2
IL_7678083,BKL,0
IL_7680200,AKIEC,1
IL_7682560,NV,3
IL_7685934,MEL,3
IL_7687091,AKIEC,4
IL_7687935,VASC,0
IL_7687991,SCCKA,0
IL_7689829,BCC,0
IL_7699811,NV,3
IL_7705011,BCC,1
IL_7707991,SCCKA,2
IL_7708257,BCC,1
IL_7709098,BCC,1
IL_7709757,BCC,2
IL_7711358,BCC,2
IL_7712318,NV,2
IL_7713182,NV,1
IL_7713888,BCC,1
IL_7713960,BCC,0
IL_7714849,MEL,2
IL_7716473,BCC,1
IL_7717192,BCC,4
IL_7718572,BCC,3
IL_7718928,BCC,4
IL_7719252,BCC,2
IL_7719893,BCC,3
IL_7724286,BKL,0
IL_7725832,NV,2
IL_7726867,AKIEC,4
IL_7727406,NV,0
IL_7727420,SCCKA,1
IL_7727942,BCC,4
IL_7728246,BKL,2
IL_7728515,MEL,2
IL_7728761,SCCKA,4
IL_7735449,NV,3
IL_7736241,AKIEC,3
IL_7738842,BCC,4
IL_7740320,DF,1
IL_7741201,BCC,3
IL_7743352,BEN_OTH,0
IL_7743393,AKIEC,0
IL_7743686,BCC,2
IL_7744787,MEL,0
IL_7744889,BCC,2
IL_7744965,BCC,4
IL_7746701,BCC,2
IL_7748792,NV,4
IL_7749269,BCC,2
IL_7749635,BKL,0
IL_7749709,SCCKA,2
IL_7749892,DF,3
IL_7750546,NV,0
IL_7753719,BCC,3
IL_7755452,SCCKA,1
IL_7755497,NV,0
IL_7756506,SCCKA,3
IL_7759035,BCC,4
IL_7760064,AKIEC,0
IL_7760285,BCC,2
IL_7760454,BCC,3
IL_7760506,BCC,2
IL_7762998,BCC,4
IL_7764430,MEL,2
IL_7768823,NV,3
IL_7769100,BCC,4
IL_7769284,BCC,2
IL_7770574,NV,0
IL_7773272,SCCKA,1
IL_7775733,BKL,4
IL_7776023,MEL,4
IL_7776622,NV,1
IL_7780651,BKL,1
IL_7781007,BCC,1
IL_7784987,NV,4
IL_7785689,BCC,0
IL_7789479,BCC,2
IL_7790192,BCC,1
IL_7792502,BCC,3
IL_7793730,BCC,3
IL_7795758,NV,3
IL_7798447,BCC,1
IL_7798468,AKIEC,1
IL_7800799,BCC,4
IL_7803371,SCCKA,3
IL_7804656,NV,2
IL_7806060,BCC,4
IL_7808577,BEN_OTH,4
IL_7811339,BCC,0
IL_7817244,BCC,0
IL_7818452,NV,0
IL_7820661,MEL,4
IL_7821260,BCC,2
IL_7825634,INF,2
IL_7825676,SCCKA,3
IL_7825697,MEL,2
IL_7825787,BCC,1
IL_7828194,BCC,1
IL_7829784,BCC,1
IL_7832293,BCC,2
IL_7833782,BCC,2
IL_7834176,BCC,3
IL_7834539,BCC,2
IL_7842588,BKL,0
IL_7845840,BCC,0
IL_7853523,NV,2
IL_7855473,NV,2
IL_7857682,NV,1
IL_7859476,BCC,4
IL_7864220,AKIEC,3
IL_7865284,BCC,0
IL_7867833,AKIEC,0
IL_7869579,BCC,3
IL_7871086,BCC,0
IL_7871549,SCCKA,3
IL_7871814,BCC,2
IL_7884218,BCC,3
IL_7884893,AKIEC,2
IL_7885027,BCC,2
IL_7885037,BCC,1
IL_7885179,BKL,1
IL_7894375,BCC,1
IL_7894470,AKIEC,2
IL_7894855,AKIEC,2
IL_7896547,INF,0
IL_7898098,BCC,4
IL_7900127,BCC,0
IL_7908482,BKL,3
IL_7910174,SCCKA,2
IL_7910339,BCC,3
IL_7911942,MEL,4
IL_7912330,BCC,4
IL_7913171,BCC,4
IL_7913818,SCCKA,4
IL_7914458,BCC,4
IL_7917334,SCCKA,1
IL_7917895,DF,1
IL_7918230,BCC,4
IL_7921375,AKIEC,0
IL_7923672,MEL,1
IL_7925495,BCC,1
IL_7926291,BCC,0
IL_7928790,SCCKA,3
IL_7929294,NV,2
IL_7929942,SCCKA,1
IL_7930944,BCC,2
IL_7931283,BCC,2
IL_7933617,SCCKA,3
IL_7938649,BCC,0
IL_7940585,NV,1
IL_7940673,MEL,4
IL_7943219,BKL,4
IL_7943940,BCC,3
IL_7948272,BCC,4
IL_7948300,BCC,1
IL_7948883,INF,0
IL_7950923,BCC,0
IL_7950940,SCCKA,1
IL_7951071,BKL,3
IL_7954262,BCC,0
IL_7956522,BKL,1
IL_7959059,BCC,2
IL_7961320,BCC,1
IL_7964998,NV,3
IL_7965758,BCC,0
IL_7970033,BKL,2
IL_7971648,BKL,3
IL_7972003,BCC,4
IL_7972965,SCCKA,1
IL_7974370,BKL,2
IL_7974565,BKL,0
IL_7974648,NV,4
IL_7975142,BCC,4
IL_7975365,BKL,3
IL_7976710,BCC,4
IL_7976753,MEL,0
IL_7977795,NV,4
IL_7980891,BCC,2
IL_7982097,BCC,3
IL_7983668,NV,4
IL_7985046,BCC,2
IL_7987633,BCC,2
IL_7991885,DF,0
IL_7995949,NV,1
IL_7996799,BCC,0
IL_7998645,SCCKA,3
IL_8001896,BCC,2
IL_8003176,SCCKA,2
IL_8007348,BCC,1
IL_8010976,BCC,3
IL_8012177,BCC,0
IL_8012977,BKL,2
IL_8019185,BCC,4
IL_8022084,BKL,2
IL_8022344,BCC,3
IL_8022515,BCC,2
IL_8026752,NV,0
IL_8028208,BCC,3
IL_8031669,BCC,3
IL_8037743,MEL,4
IL_8038373,BCC,0
IL_8038657,MEL,3
IL_8039087,SCCKA,1
IL_8040999,MEL,4
IL_8041079,NV,4
IL_8045895,BKL,4
IL_8050386,BCC,4
IL_8050939,BCC,2
IL_8053107,BCC,0
IL_8053912,MEL,3
IL_8057179,SCCKA,0
IL_8057950,NV,0
IL_8058486,AKIEC,0
IL_8058935,SCCKA,2
IL_8060725,BCC,3
IL_8063074,SCCKA,3
IL_8066484,BCC,2
IL_8066973,BCC,2
IL_8067499,BCC,4
IL_8073547,BKL,3
IL_8074133,BCC,3
IL_8075238,BCC,2
IL_8077047,BKL,4
IL_8079402,MEL,4
IL_8083531,BCC,3
IL_8089688,BCC,1
IL_8091560,SCCKA,1
IL_8093153,BCC,1
IL_8095126,BKL,0
IL_8098270,BCC,0
IL_8099275,BEN_OTH,2
IL_8102879,INF,0
IL_8106703,MEL,2
IL_8107077,BCC,1
IL_8108938,BCC,4
IL_8109861,BCC,2
IL_8110471,BKL,1
IL_8111694,BKL,0
IL_8113008,NV,1
IL_8114949,MEL,1
IL_8115579,AKIEC,0
IL_8116058,AKIEC,0
IL_8118311,NV,0
IL_8122429,BKL,3
IL_8124178,NV,4
IL_8124925,INF,4
IL_8126491,NV,0
IL_8129688,NV,3
IL_8142013,NV,0
IL_8142572,NV,1
IL_8145813,BEN_OTH,1
IL_8147513,NV,0
IL_8148828,BCC,4
IL_8151298,NV,3
IL_8154017,BCC,2
IL_8154885,BCC,2
IL_8157640,BCC,2
IL_8158343,BCC,2
IL_8158489,BCC,2
IL_8160690,SCCKA,4
IL_8160773,BEN_OTH,0
IL_8162391,AKIEC,3
IL_8165717,NV,3
IL_8166826,MEL,3
IL_8168935,BCC,4
IL_8169516,BEN_OTH,3
IL_8170554,BCC,1
IL_8171092,NV,2
IL_8173383,MEL,4
IL_8173942,MAL_OTH,2
IL_8175900,BKL,1
IL_8177538,SCCKA,0
IL_8179486,SCCKA,0
IL_8185801,AKIEC,2
IL_8186190,BCC,0
IL_8187329,BCC,4
IL_8188380,BCC,1
IL_8190930,BCC,1
IL_8193410,BCC,4
IL_8193590,MEL,3
IL_8193835,SCCKA,1
IL_8194145,BKL,0
IL_8194852,MEL,4
IL_8200270,VASC,2
IL_8200378,AKIEC,1
IL_8204669,MEL,4
IL_8205824,MEL,1
IL_8208194,SCCKA,1
IL_8209280,SCCKA,4
IL_8211957,BCC,0
IL_8212367,SCCKA,3
IL_8212938,MEL,3
IL_8219054,SCCKA,3
IL_8224521,SCCKA,3
IL_8225766,NV,3
IL_8225974,SCCKA,0
IL_8229395,MEL,3
IL_8229749,BCC,0
IL_8231920,AKIEC,0
IL_8233032,MEL,1
IL_8240105,BCC,0
IL_8240829,NV,0
IL_8244033,SCCKA,4
IL_8244074,BCC,4
IL_8247508,BCC,4
IL_8247723,SCCKA,1
IL_8248912,BCC,0
IL_8249685,BCC,2
IL_8252843,SCCKA,0
IL_8255338,AKIEC,0
IL_8256176,BCC,4
IL_8256503,BCC,3
IL_8258563,BKL,1
IL_8259171,BCC,1
IL_8262115,BCC,2
IL_8262474,BKL,2
IL_8264296,BKL,4
IL_8266229,BKL,1
IL_8266554,NV,1
IL_8268920,BCC,3
IL_8270220,BCC,1
IL_8270942,AKIEC,2
IL_8273782,MEL,3
IL_8275439,BCC,3
IL_8277496,BCC,0
IL_8277688,BKL,0
IL_8280517,BCC,4
IL_8280553,BKL,4
IL_8282831,BCC,4
IL_8283182,SCCKA,1
IL_8283789,NV,2
IL_8293673,NV,0
IL_8296810,BCC,1
IL_8296856,BKL,3
IL_8297781,BCC,3
IL_8299819,BCC,2
IL_8299978,NV,4
IL_8301867,AKIEC,1
IL_8312366,BCC,3
IL_8312438,MEL,0
IL_8312956,BCC,1
IL_8314520,BCC,1
IL_8316366,BCC,0
IL_8319102,BCC,3
IL_8322596,BCC,3
IL_8323588,BCC,1
IL_8324569,BKL,1
IL_8324597,BCC,1
IL_8326095,BCC,0
IL_8326567,SCCKA,1
IL_8326868,AKIEC,0
IL_8331769,NV,2
IL_8337226,BKL,1
IL_8338996,BEN_OTH,1
IL_8339117,BCC,0
IL_8339852,MEL,4
IL_8345128,BCC,3
IL_8345916,BKL,0
IL_8349712,AKIEC,0
IL_8356407,BCC,4
IL_8357154,BKL,3
IL_8357719,BCC,0
IL_8358886,SCCKA,4
IL_8359695,NV,0
IL_8359841,MEL,0
IL_8364095,VASC,0
IL_8364526,BCC,4
IL_8366708,MEL,2
IL_8368045,BCC,1
IL_8370192,BCC,3
IL_8374443,BCC,0
IL_8375718,BCC,0
IL_8375905,BCC,2
IL_8376298,DF,2
IL_8379111,SCCKA,2
IL_8380351,AKIEC,2
IL_8380493,AKIEC,4
IL_8381192,NV,1
IL_8383981,BCC,2
IL_8384410,SCCKA,3
IL_8386286,BKL,0
IL_8387787,BCC,2
IL_8389564,BCC,4
IL_8391202,BCC,4
IL_8396815,AKIEC,2
IL_8401238,SCCKA,4
IL_8401362,NV,3
IL_8401805,BCC,4
IL_8402366,SCCKA,0
IL_8403780,BCC,3
IL_8419591,BCC,4
IL_8421292,BCC,3
IL_8423018,BCC,1
IL_8423250,AKIEC,1
IL_8428753,NV,1
IL_8429143,NV,1
IL_8434747,BCC,1
IL_8439517,INF,2
IL_8444340,BCC,0
IL_8444586,BCC,3
IL_8445981,BCC,0
IL_8448417,BCC,1
IL_8448627,BCC,2
IL_8449031,SCCKA,4
IL_8449378,NV,1
IL_8449966,NV,0
IL_8454481,BCC,2
IL_8454574,MEL,4
IL_8455587,BCC,4
IL_8456514,BCC,3
IL_8459572,BCC,3
IL_8460509,MEL,2
IL_8461423,BCC,4
IL_8461776,BCC,0
IL_8462731,AKIEC,2
IL_8464135,BCC,4
IL_8465058,BCC,2
IL_8466700,NV,2
IL_8472677,AKIEC,2
IL_8478424,NV,3
IL_8480988,AKIEC,1
IL_8482465,BCC,3
IL_8482913,SCCKA,3
IL_8484491,BCC,1
IL_8486036,BCC,2
IL_8487012,BCC,4
IL_8491993,VASC,4
IL_8495529,AKIEC,0
IL_8497763,SCCKA,4
IL_8500079,BCC,1
IL_8500465,BCC,3
IL_8500877,SCCKA,2
IL_8504644,BCC,4
IL_8505577,NV,2
IL_8506800,BCC,1
IL_8507702,BKL,2
IL_8507909,BCC,2
IL_8508107,BCC,4
IL_8509050,BCC,1
IL_8509848,NV,0
IL_8511602,BEN_OTH,2
IL_8515603,SCCKA,4
IL_8516254,BCC,3
IL_8529152,MEL,3
IL_8535419,BCC,0
IL_8535894,MEL,2
IL_8538407,BCC,1
IL_8538421,BCC,2
IL_8540879,NV,3
IL_8543215,BCC,1
IL_8544201,BCC,2
IL_8544444,BCC,1
IL_8548746,BCC,0
IL_8549030,NV,0
IL_8550472,BCC,1
IL_8553410,BCC,2
IL_8553966,AKIEC,0
IL_8554205,BCC,2
IL_8554627,MEL,2
IL_8557195,BEN_OTH,0
IL_8562069,BCC,1
IL_8562262,BCC,1
IL_8562914,BCC,4
IL_8565372,BCC,3
IL_8566175,BCC,2
IL_8568128,BCC,3
IL_8569561,SCCKA,4
IL_8569852,BCC,2
IL_8570577,NV,1
IL_8572700,BCC,4
IL_8574394,BKL,0
IL_8576220,BCC,0
IL_8577352,BCC,1
IL_8578083,BCC,4
IL_8578513,BCC,3
IL_8578812,AKIEC,1
IL_8581204,BCC,2
IL_8581964,BCC,3
IL_8583674,MEL,2
IL_8584799,BCC,1
IL_8585271,NV,3
IL_8588152,MEL,0
IL_8588315,MEL,1
IL_8590734,BKL,0
IL_8591988,BCC,0
IL_8595325,NV,0
IL_8596118,BCC,1
IL_8601267,BCC,4
IL_8601379,BCC,4
IL_8601984,NV,2
IL_8602483,BCC,4
IL_8602598,BCC,1
IL_8604749,AKIEC,3
IL_8604901,BCC,0
IL_8604928,MEL,2
IL_8606392,BEN_OTH,2
IL_8608497,NV,2
IL_8610229,SCCKA,2
IL_8610456,BCC,0
IL_8611519,NV,3
IL_8611712,SCCKA,0
IL_8612216,BCC,0
IL_8613876,BCC,1
IL_8618190,SCCKA,0
IL_8618325,BCC,1
IL_8619767,BCC,1
IL_8620816,BKL,4
IL_8621198,MEL,2
IL_8622725,NV,4
IL_8623276,NV,2
IL_8625871,BCC,2
IL_8626747,NV,0
IL_8630897,BKL,1
IL_8631628,AKIEC,4
IL_8637878,BCC,2
IL_8638441,BCC,0
IL_8638873,NV,2
IL_8642808,BCC,3
IL_8642891,BCC,2
IL_8643718,MEL,2
IL_8644938,SCCKA,1
IL_8646739,BCC,1
IL_8647582,BKL,0
IL_8647816,BCC,1
IL_8648373,BCC,3
IL_8650225,SCCKA,2
IL_8650948,SCCKA,4
IL_8653374,BCC,2
IL_8657794,SCCKA,0
IL_8658177,BKL,3
IL_8659124,MEL,4
IL_8660536,BKL,3
IL_8662195,BCC,1
IL_8662506,BKL,0
IL_8663536,MEL,0
IL_8666651,NV,3
IL_8671827,SCCKA,1
IL_8674399,BCC,0
IL_8675438,BCC,1
IL_8678010,BCC,3
IL_8679455,BCC,3
IL_8679586,AKIEC,4
IL_8681344,MEL,2
IL_8683855,BCC,1
IL_8684310,BCC,2
IL_8689446,AKIEC,2
IL_8692782,BCC,2
IL_8695505,NV,0
IL_8698516,INF,3
IL_8702046,SCCKA,2
IL_8702117,BCC,3
IL_8703940,SCCKA,0
IL_8706105,BCC,1
IL_8711548,BKL,0
IL_8711838,BCC,0
IL_8713171,BCC,0
IL_8714765,BKL,0
IL_8716299,BKL,4
IL_8717569,NV,1
IL_8717683,NV,4
IL_8719061,BCC,1
IL_8720951,BKL,3
IL_8723146,BKL,1
IL_8725130,BKL,4
IL_8726676,SCCKA,2
IL_8727543,BEN_OTH,4
IL_8732835,BCC,0
IL_8735984,NV,4
IL_8736766,BCC,4
IL_8739695,NV,0
IL_8747849,NV,3
IL_8748283,BCC,1
IL_8752697,SCCKA,4
IL_8756948,BCC,1
IL_8758801,BCC,3
IL_8758907,BCC,3
IL_8760239,BCC,1
IL_8762954,BCC,3
IL_8767965,AKIEC,2
IL_8778181,NV,4
IL_8783042,BCC,4
IL_8783670,BCC,0
IL_8784300,BEN_OTH,2
IL_8784837,SCCKA,3
IL_8788016,BCC,1
IL_8788883,BKL,3
IL_8790863,BKL,3
IL_8793301,AKIEC,4
IL_8800243,BCC,2
IL_8803152,AKIEC,0
IL_8803533,SCCKA,3
IL_8805142,BKL,0
IL_8808528,MEL,4
IL_8813361,SCCKA,2
IL_8814250,SCCKA,3
IL_8819924,BCC,0
IL_8821899,BCC,3
IL_8822249,BCC,1
IL_8823164,BCC,4
IL_8824711,BCC,2
IL_8825058,SCCKA,1
IL_8826018,BCC,1
IL_8834020,BCC,3
IL_8835996,NV,2
IL_8839163,BCC,3
IL_8843384,NV,2
IL_8845564,SCCKA,2
IL_8845602,BCC,4
IL_8846733,BCC,0
IL_8848308,SCCKA,0
IL_8850331,MEL,1
IL_8850639,MEL,1
IL_8853986,BKL,1
IL_8854327,BCC,4
IL_8854625,BCC,3
IL_8855847,BCC,1
IL_8859314,BCC,0
IL_8861890,BCC,2
IL_8863654,BKL,0
IL_8863823,BCC,1
IL_8864520,BKL,1
IL_8864623,SCCKA,4
IL_8869831,MEL,3
IL_8869881,BCC,1
IL_8875677,AKIEC,1
IL_8876337,BCC,1
IL_8876914,BCC,0
IL_8877629,BKL,4
IL_8880456,NV,1
IL_8885600,BCC,0
IL_8887845,NV,2
IL_8890308,SCCKA,4
IL_8890453,NV,3
IL_8891423,NV,0
IL_8892581,SCCKA,4
IL_8893510,AKIEC,0
IL_8893522,NV,1
IL_8894950,BCC,2
IL_8903764,AKIEC,2
IL_8904932,NV,4
IL_8907892,MAL_OTH,4
IL_8908533,BCC,4
IL_8908582,BCC,4
IL_8914005,BCC,2
IL_8918294,BCC,4
IL_8918323,BKL,1
IL_8922194,BCC,2
IL_8925719,BCC,0
IL_8927794,BCC,4
IL_8931844,NV,4
IL_8932098,BCC,1
IL_8933396,DF,3
IL_8937379,BKL,4
IL_8939898,SCCKA,4
IL_8944802,BCC,1
IL_8946416,BEN_OTH,3
IL_8950937,NV,2
IL_8951938,BCC,4
IL_8954957,BCC,4
IL_8955960,BCC,2
IL_8957515,SCCKA,4
IL_8962270,NV,4
IL_8970458,MEL,1
IL_8971740,BEN_OTH,3
IL_8973483,SCCKA,1
IL_8976985,BCC,1
IL_8978471,BCC,1
IL_8980429,BCC,0
IL_8983305,BCC,4
IL_8984570,MEL,3
IL_8987309,AKIEC,1
IL_8988340,AKIEC,0
IL_8991149,BCC,3
IL_8991771,SCCKA,4
IL_8993407,BCC,4
IL_8994019,NV,0
IL_8994291,BCC,4
IL_8998802,AKIEC,2
IL_9003508,MEL,0
IL_9005268,BCC,3
IL_9007318,SCCKA,1
IL_9010382,BKL,4
IL_9013007,BCC,2
IL_9013946,MEL,0
IL_9017752,MEL,1
IL_9018029,AKIEC,4
IL_9021517,MEL,1
IL_9024292,MEL,4
IL_9025368,AKIEC,2
IL_9026324,BKL,1
IL_9027780,AKIEC,4
IL_9029664,MEL,4
IL_9031003,BCC,0
IL_9032748,AKIEC,1
IL_9035179,AKIEC,1
IL_9035810,SCCKA,2
IL_9036149,NV,3
IL_9038692,SCCKA,3
IL_9041590,BCC,1
IL_9052165,BCC,4
IL_9057925,NV,3
IL_9059255,SCCKA,0
IL_9063052,BCC,1
IL_9064391,BCC,4
IL_9064607,BKL,1
IL_9066229,SCCKA,2
IL_9067051,BCC,2
IL_9067447,AKIEC,2
IL_9070034,BKL,0
IL_9070099,SCCKA,2
IL_9072038,BCC,2
IL_9075898,SCCKA,4
IL_9077071,BCC,2
IL_9083220,BCC,4
IL_9084119,NV,3
IL_9086799,SCCKA,0
IL_9086913,SCCKA,0
IL_9087461,SCCKA,3
IL_9088569,SCCKA,4
IL_9091693,BCC,3
IL_9092829,BCC,4
IL_9094394,BCC,2
IL_9095433,BCC,4
IL_9099614,BCC,3
IL_9101590,BCC,0
IL_9101838,BCC,3
IL_9102116,NV,3
IL_9104485,BKL,2
IL_9106162,BCC,1
IL_9106447,BKL,1
IL_9109267,NV,0
IL_9113822,BCC,4
IL_9119843,SCCKA,1
IL_9120764,BCC,1
IL_9122534,BCC,3
IL_9124015,BCC,3
IL_9124411,BKL,4
IL_9125215,BCC,4
IL_9126795,BCC,0
IL_9127211,BCC,4
IL_9130306,NV,1
IL_9130724,MEL,0
IL_9130901,BCC,0
IL_9131328,BCC,0
IL_9132121,BEN_OTH,3
IL_9136481,BCC,2
IL_9142917,BCC,2
IL_9143908,BCC,3
IL_9145163,BCC,1
IL_9146194,BCC,1
IL_9147878,BCC,3
IL_9149489,NV,4
IL_9150101,BCC,4
IL_9150280,VASC,0
IL_9150805,AKIEC,0
IL_9152183,BCC,4
IL_9156080,BCC,0
IL_9157359,SCCKA,0
IL_9157797,NV,3
IL_9158276,BCC,2
IL_9158531,NV,3
IL_9162610,SCCKA,2
IL_9166161,NV,2
IL_9166527,BCC,4
IL_9167025,BCC,3
IL_9167075,BCC,4
IL_9167718,BCC,4
IL_9168364,SCCKA,0
IL_9171073,BCC,0
IL_9173239,BCC,4
IL_9173333,BCC,2
IL_9173728,BCC,4
IL_9179021,BCC,1
IL_9179227,BCC,4
IL_9180123,NV,4
IL_9180201,BCC,1
IL_9180227,SCCKA,0
IL_9184351,NV,1
IL_9186164,NV,0
IL_9190120,BCC,4
IL_9191697,MEL,0
IL_9192355,AKIEC,4
IL_9193873,BCC,3
IL_9194841,BCC,0
IL_9195034,BCC,3
IL_9195436,BCC,2
IL_9199460,NV,3
IL_9202251,AKIEC,1
IL_9202762,BCC,4
IL_9205436,VASC,2
IL_9207228,BCC,3
IL_9208680,BCC,3
IL_9209825,SCCKA,3
IL_9209914,NV,4
IL_9210134,BKL,3
IL_9211790,BCC,1
IL_9213417,BCC,4
IL_9216457,BCC,3
IL_9217480,AKIEC,3
IL_9221055,BCC,0
IL_9221409,BCC,3
IL_9222383,BEN_OTH,1
IL_9224528,BCC,3
IL_9229110,MEL,0
IL_9230375,BCC,0
IL_9231229,MEL,1
IL_9232367,BCC,3
IL_9233957,BCC,3
IL_9235680,BCC,2
IL_9241811,BCC,4
IL_9245016,BCC,1
IL_9247349,BCC,3
IL_9249618,NV,1
IL_9250210,NV,0
IL_9250980,DF,3
IL_9251474,NV,0
IL_9255472,BCC,0
IL_9258319,BCC,2
IL_9262506,BCC,1
IL_9264602,SCCKA,0
IL_9265331,BKL,4
IL_9266140,BKL,1
IL_9269726,BCC,4
IL_9270970,NV,0
IL_9271885,BCC,3
IL_9274006,BEN_OTH,3
IL_9275908,BCC,0
IL_9275941,NV,4
IL_9276974,BCC,4
IL_9278038,BCC,0
IL_9288651,BKL,0
IL_9289406,NV,1
IL_9292701,SCCKA,2
IL_9294619,AKIEC,0
IL_9297501,SCCKA,0
IL_9300408,AKIEC,3
IL_9300549,MEL,2
IL_9300732,BKL,3
IL_9303237,BKL,4
IL_9307518,MEL,4
IL_9308328,NV,4
IL_9310196,BCC,1
IL_9312646,SCCKA,4
IL_9313120,BCC,0
IL_9313247,BCC,0
IL_9321885,MEL,0
IL_9322216,SCCKA,4
IL_9323193,SCCKA,0
IL_9324505,NV,4
IL_9324964,BCC,0
IL_9325305,BCC,1
IL_9328701,BCC,4
IL_9331050,BKL,2
IL_9331537,BCC,2
IL_9333874,BCC,3
IL_9334838,BEN_OTH,4
IL_9336389,NV,3
IL_9341365,SCCKA,1
IL_9344336,DF,1
IL_9347875,BCC,3
IL_9348044,BKL,3
IL_9349173,NV,1
IL_9349651,BCC,3
IL_9352958,SCCKA,4
IL_9353162,DF,4
IL_9353548,BCC,4
IL_9356761,BCC,2
IL_9358381,NV,3
IL_9363651,BCC,3
IL_9363657,BCC,3
IL_9364150,BCC,1
IL_9364222,BCC,3
IL_9366811,BCC,4
IL_9367343,BCC,1
IL_9367787,BCC,0
IL_9367800,NV,4
IL_9368143,NV,4
IL_9368782,NV,1
IL_9372364,BKL,0
IL_9374643,BCC,4
IL_9375634,MEL,1
IL_9375676,MEL,2
IL_9378068,BCC,1
IL_9379211,BCC,3
IL_9379939,SCCKA,0
IL_9380593,NV,0
IL_9383072,BCC,2
IL_9385086,NV,0
IL_9385765,SCCKA,4
IL_9387962,AKIEC,3
IL_9390250,BCC,4
IL_9391328,BCC,3
IL_9395136,BCC,3
IL_9395505,BCC,2
IL_9395839,NV,1
IL_9399990,AKIEC,3
IL_9400268,NV,3
IL_9400728,BCC,4
IL_9401383,BCC,3
IL_9402270,AKIEC,2
IL_9402967,SCCKA,2
IL_9403422,BCC,3
IL_9404638,BCC,1
IL_9408309,SCCKA,2
IL_9408951,INF,3
IL_9409547,MEL,4
IL_9411177,NV,2
IL_9413629,DF,3
IL_9413829,BCC,1
IL_9417077,NV,4
IL_9420011,BCC,2
IL_9420839,BCC,0
IL_9421860,BCC,1
IL_9421903,MEL,3
IL_9422892,NV,0
IL_9423427,BCC,2
IL_9425710,BKL,3
IL_9426275,BCC,2
IL_9428549,AKIEC,1
IL_9430924,BCC,1
IL_9433768,BCC,2
IL_9437710,AKIEC,2
IL_9439030,BCC,3
IL_9439154,MEL,3
IL_9439470,BKL,4
IL_9439533,BCC,1
IL_9439639,MEL,3
IL_9439830,INF,4
IL_9440413,BKL,1
IL_9441829,BCC,2
IL_9446823,SCCKA,3
IL_9447279,AKIEC,4
IL_9448011,BCC,2
IL_9448117,BCC,2
IL_9449213,BCC,4
IL_9453153,MEL,4
IL_9453273,BCC,2
IL_9453516,DF,1
IL_9456591,BKL,3
IL_9462627,BCC,4
IL_9463449,NV,3
IL_9466832,NV,4
IL_9471621,NV,1
IL_9471694,BCC,3
IL_9473685,BKL,4
IL_9475061,INF,0
IL_9477888,SCCKA,4
IL_9480741,INF,1
IL_9481592,NV,4
IL_9482395,MEL,3
IL_9483731,BCC,3
IL_9485180,BCC,2
IL_9486743,SCCKA,4
IL_9487035,BCC,4
IL_9489077,NV,2
IL_9489343,MEL,4
IL_9497630,BCC,4
IL_9500991,MEL,2
IL_9504116,BCC,3
IL_9505312,MEL,0
IL_9508962,BCC,2
IL_9509148,BCC,1
IL_9509659,AKIEC,4
IL_9512629,BCC,3
IL_9513774,BCC,3
IL_9513930,AKIEC,2
IL_9516573,MEL,3
IL_9520593,BCC,3
IL_9523157,BCC,2
IL_9524479,BCC,2
IL_9524761,AKIEC,1
IL_9529350,SCCKA,0
IL_9529551,BKL,0
IL_9531531,SCCKA,3
IL_9534602,MEL,4
IL_9537366,BCC,1
IL_9540543,BCC,3
IL_9540986,NV,3
IL_9541079,BCC,4
IL_9542018,BCC,3
IL_9549484,BCC,3
IL_9550703,BKL,0
IL_9552156,BCC,0
IL_9554628,NV,2
IL_9554653,BCC,2
IL_9556887,BKL,4
IL_9563085,BKL,4
IL_9563257,DF,3
IL_9563868,BKL,2
IL_9565203,BKL,3
IL_9565231,MEL,3
IL_9565456,BCC,1
IL_9569942,AKIEC,4
IL_9570046,BCC,1
IL_9572527,MEL,4
IL_9575395,BCC,2
IL_9579580,MEL,2
IL_9583565,NV,0
IL_9584761,BCC,3
IL_9587475,NV,2
IL_9588248,BCC,2
IL_9588769,SCCKA,4
IL_9588958,MEL,1
IL_9589211,BKL,3
IL_9590648,BCC,0
IL_9592842,BCC,0
IL_9592947,AKIEC,1
IL_9593601,BKL,2
IL_9596120,NV,3
IL_9597986,BKL,4
IL_9600244,BCC,1
IL_9600474,BCC,0
IL_9603617,AKIEC,2
IL_9604741,BCC,4
IL_9607410,BCC,2
IL_9608205,SCCKA,3
IL_9608485,NV,2
IL_9611245,BCC,2
IL_9611587,BCC,1
IL_9614802,SCCKA,2
IL_9614989,BKL,1
IL_9617690,BCC,3
IL_9622215,BKL,3
IL_9623656,BCC,3
IL_9624462,DF,1
IL_9629068,BCC,4
IL_9630385,MEL,4
IL_9632645,AKIEC,4
IL_9632950,BCC,1
IL_9636083,BCC,3
IL_9639749,BCC,0
IL_9644820,AKIEC,1
IL_9646137,BCC,1
IL_9649678,BCC,3
IL_9650319,AKIEC,1
IL_9654222,BCC,0
IL_9656479,SCCKA,1
IL_9659421,BCC,4
IL_9659963,BCC,4
IL_9661787,NV,2
IL_9665730,MEL,4
IL_9667713,SCCKA,4
IL_9667838,NV,3
IL_9678089,BCC,4
IL_9679718,DF,3
IL_9680907,MEL,1
IL_9681402,BCC,3
IL_9682787,BCC,0
IL_9685051,NV,3
IL_9685244,BKL,1
IL_9689348,BCC,4
IL_9689352,MEL,1
IL_9689394,BCC,0
IL_9691364,BCC,3
IL_9692603,BCC,0
IL_9693754,NV,4
IL_9701000,NV,2
IL_9701930,BCC,3
IL_9702903,BCC,2
IL_9707582,BCC,2
IL_9708256,SCCKA,4
IL_9713334,DF,4
IL_9713844,AKIEC,3
IL_9714463,BCC,4
IL_9716310,MEL,1
IL_9717585,BCC,2
IL_9719774,BCC,2
IL_9720180,MEL,0
IL_9720231,BCC,0
IL_9720505,BCC,4
IL_9722913,SCCKA,0
IL_9724863,SCCKA,2
IL_9725975,BKL,2
IL_9727677,NV,2
IL_9730160,BCC,2
IL_9731170,BCC,0
IL_9731516,BCC,0
IL_9732518,BCC,4
IL_9734690,BKL,2
IL_9734938,BCC,1
IL_9737079,BCC,4
IL_9737107,NV,3
IL_9738941,BCC,1
IL_9746297,SCCKA,3
IL_9746868,BCC,2
IL_9746902,MEL,2
IL_9749729,BCC,1
IL_9752629,BCC,0
IL_9753632,BCC,4
IL_9754542,BCC,2
IL_9755215,BCC,2
IL_9755525,BKL,0
IL_9756229,BCC,0
IL_9758278,BCC,1
IL_9763780,BKL,4
IL_9767273,BCC,4
IL_9769761,NV,2
IL_9769772,BCC,1
IL_9770688,BCC,3
IL_9773637,BCC,0
IL_9775648,NV,2
IL_9776504,BCC,0
IL_9777235,BCC,3
IL_9778045,SCCKA,1
IL_9780716,BCC,4
IL_9782859,BCC,1
IL_9783662,BCC,2
IL_9783995,VASC,1
IL_9784446,BCC,2
IL_9785739,NV,2
IL_9789875,BCC,2
IL_9790789,SCCKA,0
IL_9793806,BCC,3
IL_9797209,BCC,3
IL_9801115,SCCKA,1
IL_9801468,BCC,4
IL_9801518,BCC,0
IL_9803330,MEL,1
IL_9809357,BCC,1
IL_9809595,BKL,3
IL_9811180,BCC,2
IL_9813142,BCC,2
IL_9814557,BKL,0
IL_9818681,AKIEC,2
IL_9822160,BCC,4
IL_9823804,BCC,2
IL_9826846,NV,4
IL_9831268,BCC,4
IL_9833477,BCC,0
IL_9835654,BCC,4
IL_9835714,BCC,4
IL_9838418,BCC,1
IL_9840660,DF,4
IL_9840825,SCCKA,1
IL_9843383,NV,2
IL_9846683,BCC,4
IL_9855945,BCC,2
IL_9862724,NV,3
IL_9863241,BCC,4
IL_9871188,BCC,4
IL_9871748,BCC,1
IL_9875986,BCC,3
IL_9876124,BCC,2
IL_9877242,NV,1
IL_9878565,MEL,2
IL_9880197,NV,0
IL_9880889,NV,0
IL_9882271,BCC,3
IL_9882527,BCC,1
IL_9886374,BCC,0
IL_9890052,SCCKA,3
IL_9890068,MEL,2
IL_9891746,MEL,3
IL_9891948,BCC,3
IL_9895389,BCC,1
IL_9897440,NV,1
IL_9897493,MEL,0
IL_9897745,BCC,4
IL_9899181,BCC,2
IL_9900993,VASC,2
IL_9901727,BCC,0
IL_9904066,BCC,1
IL_9906157,BCC,4
IL_9912061,AKIEC,4
IL_9914605,BCC,0
IL_9916872,BCC,0
IL_9917047,BCC,2
IL_9917624,BCC,4
IL_9917899,BCC,1
IL_9921206,BKL,3
IL_9923635,BCC,2
IL_9924772,BKL,4
IL_9925364,BCC,4
IL_9926530,NV,4
IL_9936896,NV,0
IL_9940572,BKL,1
IL_9941625,NV,3
IL_9941677,BCC,3
IL_9942096,MEL,4
IL_9943319,NV,4
IL_9943627,BCC,4
IL_9944302,NV,2
IL_9944816,BCC,1
IL_9945290,BEN_OTH,1
IL_9947908,BCC,3
IL_9949464,BKL,0
IL_9950953,BKL,4
IL_9951114,NV,0
IL_9952743,INF,0
IL_9958247,MEL,4
IL_9961015,NV,0
IL_9962218,BCC,0
IL_9963930,BCC,4
IL_9965908,BCC,2
IL_9968206,BKL,0
IL_9972566,BCC,0
IL_9974051,BCC,2
IL_9975498,INF,4
IL_9977217,BCC,0
IL_9978605,BCC,4
IL_9980113,AKIEC,3
IL_9980498,BKL,1
IL_9980694,BCC,3
IL_9982376,SCCKA,1
IL_9982426,SCCKA,1
IL_9983052,AKIEC,4
IL_9983114,BKL,1
IL_9984501,BCC,2
IL_9984758,BCC,2
IL_9987263,NV,2
IL_9991092,BCC,2
IL_9991953,MEL,2
IL_9992890,BCC,1
IL_9993432,MEL,3
IL_9994739,SCCKA,2
IL_9995614,MEL,1
IL_9998211,NV,1
